<DATE>	<TIME>	<OPEN>	<HIGH>	<LOW>	<CLOSE>	<TICKVOL>	<VOL>	<SPREAD>
2023.02.01	00:00:00	1.08607	1.08639	1.08577	1.08606	377	0	9
2023.02.01	01:00:00	1.08606	1.08654	1.08591	1.08604	922	0	2
2023.02.01	02:00:00	1.08607	1.08642	1.08585	1.08624	1378	0	0
2023.02.01	03:00:00	1.08624	1.08637	1.08571	1.08573	1733	0	0
2023.02.01	04:00:00	1.08572	1.08572	1.08523	1.08538	1263	0	0
2023.02.01	05:00:00	1.08540	1.08628	1.08525	1.08628	867	0	0
2023.02.01	06:00:00	1.08627	1.08689	1.08626	1.08658	866	0	0
2023.02.01	07:00:00	1.08657	1.08749	1.08654	1.08717	790	0	0
2023.02.01	08:00:00	1.08717	1.08769	1.08658	1.08697	1448	0	0
2023.02.01	09:00:00	1.08697	1.08838	1.08667	1.08802	4274	0	0
2023.02.01	10:00:00	1.08802	1.08886	1.08697	1.08875	5108	0	0
2023.02.01	11:00:00	1.08876	1.08886	1.08786	1.08833	3924	0	0
2023.02.01	12:00:00	1.08825	1.08939	1.08792	1.08922	3755	0	0
2023.02.01	13:00:00	1.08923	1.08969	1.08886	1.08926	3175	0	0
2023.02.01	14:00:00	1.08926	1.08979	1.08881	1.08914	2993	0	0
2023.02.01	15:00:00	1.08917	1.09100	1.08882	1.09042	6056	0	0
2023.02.01	16:00:00	1.09041	1.09109	1.09011	1.09040	5195	0	0
2023.02.01	17:00:00	1.09046	1.09247	1.08877	1.09197	9928	0	0
2023.02.01	18:00:00	1.09197	1.09241	1.09143	1.09166	4660	0	0
2023.02.01	19:00:00	1.09166	1.09192	1.09048	1.09079	3565	0	0
2023.02.01	20:00:00	1.09080	1.09209	1.09062	1.09162	3558	0	0
2023.02.01	21:00:00	1.09057	1.09870	1.08885	1.09779	20734	0	0
2023.02.01	22:00:00	1.09781	1.10014	1.09695	1.09883	12595	0	0
2023.02.01	23:00:00	1.09882	1.09907	1.09833	1.09886	2484	0	0
2023.02.02	00:00:00	1.09870	1.09894	1.09838	1.09865	1017	0	18
2023.02.02	01:00:00	1.09865	1.10329	1.09850	1.10127	3868	0	1
2023.02.02	02:00:00	1.10127	1.10267	1.10104	1.10188	2827	0	0
2023.02.02	03:00:00	1.10190	1.10212	1.10064	1.10134	2996	0	0
2023.02.02	04:00:00	1.10131	1.10213	1.10120	1.10188	2589	0	1
2023.02.02	05:00:00	1.10188	1.10207	1.10147	1.10176	1646	0	0
2023.02.02	06:00:00	1.10173	1.10255	1.10158	1.10198	1429	0	0
2023.02.02	07:00:00	1.10197	1.10250	1.10192	1.10202	2136	0	0
2023.02.02	08:00:00	1.10201	1.10218	1.10045	1.10052	2523	0	0
2023.02.02	09:00:00	1.10057	1.10148	1.09913	1.09936	4654	0	0
2023.02.02	10:00:00	1.09936	1.10106	1.09915	1.10052	5618	0	0
2023.02.02	11:00:00	1.10052	1.10063	1.09888	1.09987	5151	0	0
2023.02.02	12:00:00	1.09987	1.10004	1.09806	1.09830	4427	0	0
2023.02.02	13:00:00	1.09830	1.10023	1.09822	1.09993	3817	0	0
2023.02.02	14:00:00	1.09993	1.10043	1.09825	1.09842	9389	0	0
2023.02.02	15:00:00	1.09842	1.10039	1.09438	1.09452	11969	0	0
2023.02.02	16:00:00	1.09452	1.09665	1.09048	1.09052	14419	0	0
2023.02.02	17:00:00	1.09051	1.09398	1.08853	1.09369	10832	0	0
2023.02.02	18:00:00	1.09366	1.09490	1.09072	1.09170	6638	0	0
2023.02.02	19:00:00	1.09171	1.09269	1.09057	1.09084	5168	0	0
2023.02.02	20:00:00	1.09089	1.09229	1.09079	1.09193	3697	0	0
2023.02.02	21:00:00	1.09193	1.09225	1.09053	1.09080	5647	0	0
2023.02.02	22:00:00	1.09081	1.09151	1.09055	1.09139	5680	0	0
2023.02.02	23:00:00	1.09139	1.09163	1.09081	1.09099	4179	0	0
2023.02.03	00:00:00	1.09081	1.09087	1.09058	1.09072	425	0	16
2023.02.03	01:00:00	1.09072	1.09115	1.09042	1.09047	1028	0	2
2023.02.03	02:00:00	1.09047	1.09052	1.08923	1.08974	2532	0	0
2023.02.03	03:00:00	1.08968	1.08996	1.08912	1.08937	2125	0	1
2023.02.03	04:00:00	1.08937	1.08960	1.08879	1.08896	2075	0	0
2023.02.03	05:00:00	1.08896	1.08959	1.08894	1.08939	1280	0	0
2023.02.03	06:00:00	1.08939	1.08947	1.08872	1.08931	1279	0	0
2023.02.03	07:00:00	1.08931	1.08985	1.08900	1.08937	1667	0	0
2023.02.03	08:00:00	1.08938	1.08999	1.08915	1.08984	1929	0	0
2023.02.03	09:00:00	1.08977	1.09060	1.08820	1.08995	5193	0	0
2023.02.03	10:00:00	1.08995	1.09075	1.08848	1.09035	5442	0	0
2023.02.03	11:00:00	1.09036	1.09310	1.08936	1.09301	5265	0	0
2023.02.03	12:00:00	1.09299	1.09368	1.09251	1.09351	4248	0	0
2023.02.03	13:00:00	1.09353	1.09371	1.09247	1.09292	3697	0	0
2023.02.03	14:00:00	1.09292	1.09371	1.09260	1.09328	3709	0	0
2023.02.03	15:00:00	1.09318	1.09402	1.08265	1.08399	14074	0	0
2023.02.03	16:00:00	1.08398	1.08717	1.08327	1.08635	13245	0	0
2023.02.03	17:00:00	1.08618	1.08762	1.08094	1.08584	16084	0	0
2023.02.03	18:00:00	1.08584	1.08617	1.08235	1.08252	9245	0	0
2023.02.03	19:00:00	1.08251	1.08369	1.08222	1.08247	5556	0	0
2023.02.03	20:00:00	1.08247	1.08249	1.08054	1.08119	5499	0	0
2023.02.03	21:00:00	1.08118	1.08146	1.08019	1.08047	4718	0	0
2023.02.03	22:00:00	1.08046	1.08048	1.07932	1.07934	4163	0	0
2023.02.03	23:00:00	1.07939	1.08007	1.07923	1.07932	1769	0	0
2023.02.06	00:00:00	1.07800	1.07934	1.07786	1.07904	517	0	2
2023.02.06	01:00:00	1.07905	1.07978	1.07848	1.07895	4246	0	1
2023.02.06	02:00:00	1.07894	1.07949	1.07814	1.07887	3759	0	0
2023.02.06	03:00:00	1.07885	1.07941	1.07843	1.07851	3125	0	0
2023.02.06	04:00:00	1.07851	1.07982	1.07822	1.07906	3499	0	0
2023.02.06	05:00:00	1.07906	1.07982	1.07892	1.07902	2432	0	0
2023.02.06	06:00:00	1.07902	1.07989	1.07887	1.07963	2277	0	0
2023.02.06	07:00:00	1.07962	1.07981	1.07901	1.07968	1885	0	0
2023.02.06	08:00:00	1.07968	1.07980	1.07865	1.07873	2231	0	0
2023.02.06	09:00:00	1.07873	1.07965	1.07800	1.07800	4573	0	0
2023.02.06	10:00:00	1.07801	1.07954	1.07748	1.07853	6425	0	0
2023.02.06	11:00:00	1.07853	1.07883	1.07652	1.07667	5894	0	0
2023.02.06	12:00:00	1.07667	1.07776	1.07599	1.07660	5200	0	0
2023.02.06	13:00:00	1.07659	1.07674	1.07568	1.07662	3679	0	0
2023.02.06	14:00:00	1.07662	1.07832	1.07657	1.07732	3859	0	0
2023.02.06	15:00:00	1.07730	1.07779	1.07572	1.07581	6297	0	0
2023.02.06	16:00:00	1.07581	1.07662	1.07391	1.07445	8353	0	0
2023.02.06	17:00:00	1.07447	1.07479	1.07221	1.07301	8502	0	0
2023.02.06	18:00:00	1.07303	1.07394	1.07174	1.07213	6377	0	0
2023.02.06	19:00:00	1.07213	1.07220	1.07095	1.07132	4390	0	0
2023.02.06	20:00:00	1.07132	1.07267	1.07103	1.07264	3269	0	0
2023.02.06	21:00:00	1.07263	1.07373	1.07235	1.07247	3574	0	0
2023.02.06	22:00:00	1.07247	1.07310	1.07185	1.07298	3706	0	0
2023.02.06	23:00:00	1.07295	1.07303	1.07236	1.07249	1005	0	0
2023.02.07	00:00:00	1.07242	1.07277	1.07203	1.07258	2345	0	7
2023.02.07	01:00:00	1.07259	1.07292	1.07232	1.07291	1115	0	1
2023.02.07	02:00:00	1.07290	1.07363	1.07282	1.07362	1608	0	0
2023.02.07	03:00:00	1.07365	1.07425	1.07336	1.07412	2441	0	0
2023.02.07	04:00:00	1.07412	1.07416	1.07361	1.07410	2063	0	0
2023.02.07	05:00:00	1.07411	1.07427	1.07359	1.07383	2928	0	0
2023.02.07	06:00:00	1.07382	1.07383	1.07286	1.07328	2029	0	0
2023.02.07	07:00:00	1.07330	1.07418	1.07307	1.07404	2281	0	0
2023.02.07	08:00:00	1.07404	1.07438	1.07352	1.07393	2508	0	0
2023.02.07	09:00:00	1.07392	1.07398	1.07231	1.07242	5148	0	0
2023.02.07	10:00:00	1.07242	1.07261	1.06971	1.07192	8519	0	0
2023.02.07	11:00:00	1.07191	1.07350	1.07107	1.07110	6237	0	0
2023.02.07	12:00:00	1.07109	1.07227	1.07068	1.07137	4859	0	0
2023.02.07	13:00:00	1.07136	1.07181	1.06982	1.07051	5282	0	0
2023.02.07	14:00:00	1.07050	1.07124	1.07018	1.07055	4770	0	0
2023.02.07	15:00:00	1.07053	1.07065	1.06859	1.06954	6314	0	0
2023.02.07	16:00:00	1.06954	1.06995	1.06798	1.06824	7075	0	0
2023.02.07	17:00:00	1.06824	1.06967	1.06692	1.06928	8278	0	0
2023.02.07	18:00:00	1.06928	1.07122	1.06886	1.07049	6978	0	0
2023.02.07	19:00:00	1.07049	1.07664	1.06900	1.07603	11388	0	0
2023.02.07	20:00:00	1.07603	1.07628	1.06874	1.07021	17216	0	0
2023.02.07	21:00:00	1.07020	1.07286	1.07014	1.07195	9593	0	0
2023.02.07	22:00:00	1.07195	1.07294	1.07084	1.07251	4678	0	0
2023.02.07	23:00:00	1.07249	1.07298	1.07216	1.07267	1504	0	0
2023.02.08	00:00:00	1.07233	1.07296	1.07182	1.07295	448	0	1
2023.02.08	01:00:00	1.07295	1.07308	1.07252	1.07301	1005	0	1
2023.02.08	02:00:00	1.07304	1.07341	1.07268	1.07321	1864	0	0
2023.02.08	03:00:00	1.07318	1.07350	1.07230	1.07264	2244	0	0
2023.02.08	04:00:00	1.07264	1.07331	1.07238	1.07328	1835	0	0
2023.02.08	05:00:00	1.07328	1.07348	1.07303	1.07324	1534	0	0
2023.02.08	06:00:00	1.07323	1.07348	1.07306	1.07335	1114	0	0
2023.02.08	07:00:00	1.07333	1.07349	1.07273	1.07337	1084	0	0
2023.02.08	08:00:00	1.07337	1.07396	1.07272	1.07272	2147	0	0
2023.02.08	09:00:00	1.07272	1.07598	1.07240	1.07587	4641	0	0
2023.02.08	10:00:00	1.07588	1.07589	1.07411	1.07523	6657	0	0
2023.02.08	11:00:00	1.07524	1.07609	1.07502	1.07553	5110	0	0
2023.02.08	12:00:00	1.07553	1.07558	1.07430	1.07465	3702	0	0
2023.02.08	13:00:00	1.07465	1.07476	1.07330	1.07351	3343	0	0
2023.02.08	14:00:00	1.07350	1.07493	1.07337	1.07338	4090	0	0
2023.02.08	15:00:00	1.07338	1.07378	1.07258	1.07317	5500	0	0
2023.02.08	16:00:00	1.07317	1.07433	1.07181	1.07251	8241	0	0
2023.02.08	17:00:00	1.07251	1.07280	1.07137	1.07253	8774	0	0
2023.02.08	18:00:00	1.07253	1.07364	1.07187	1.07336	6440	0	0
2023.02.08	19:00:00	1.07336	1.07402	1.07259	1.07285	4609	0	0
2023.02.08	20:00:00	1.07286	1.07392	1.07244	1.07340	5281	0	0
2023.02.08	21:00:00	1.07341	1.07342	1.07209	1.07231	3817	0	0
2023.02.08	22:00:00	1.07231	1.07246	1.07094	1.07138	3575	0	0
2023.02.08	23:00:00	1.07138	1.07154	1.07113	1.07129	1100	0	0
2023.02.09	00:00:00	1.07095	1.07164	1.07083	1.07124	3985	0	2
2023.02.09	01:00:00	1.07121	1.07169	1.07094	1.07151	1138	0	1
2023.02.09	02:00:00	1.07151	1.07190	1.07146	1.07159	1891	0	0
2023.02.09	03:00:00	1.07159	1.07260	1.07093	1.07247	2699	0	0
2023.02.09	04:00:00	1.07247	1.07328	1.07237	1.07307	1747	0	0
2023.02.09	05:00:00	1.07308	1.07326	1.07254	1.07296	1585	0	0
2023.02.09	06:00:00	1.07296	1.07326	1.07283	1.07321	1273	0	0
2023.02.09	07:00:00	1.07321	1.07383	1.07268	1.07357	2504	0	0
2023.02.09	08:00:00	1.07357	1.07449	1.07336	1.07398	2818	0	0
2023.02.09	09:00:00	1.07398	1.07402	1.07241	1.07330	5188	0	0
2023.02.09	10:00:00	1.07330	1.07596	1.07326	1.07529	6342	0	0
2023.02.09	11:00:00	1.07530	1.07690	1.07511	1.07638	4859	0	0
2023.02.09	12:00:00	1.07638	1.07785	1.07592	1.07775	4595	0	0
2023.02.09	13:00:00	1.07776	1.07777	1.07587	1.07632	3759	0	0
2023.02.09	14:00:00	1.07632	1.07723	1.07592	1.07695	3557	0	0
2023.02.09	15:00:00	1.07694	1.07902	1.07628	1.07899	6372	0	0
2023.02.09	16:00:00	1.07899	1.07908	1.07781	1.07801	6461	0	0
2023.02.09	17:00:00	1.07802	1.07895	1.07616	1.07629	7137	0	0
2023.02.09	18:00:00	1.07628	1.07634	1.07441	1.07609	5856	0	0
2023.02.09	19:00:00	1.07604	1.07615	1.07391	1.07487	3660	0	0
2023.02.09	20:00:00	1.07487	1.07488	1.07378	1.07413	4737	0	0
2023.02.09	21:00:00	1.07413	1.07457	1.07332	1.07373	4706	0	0
2023.02.09	22:00:00	1.07372	1.07395	1.07317	1.07336	2857	0	0
2023.02.09	23:00:00	1.07336	1.07400	1.07329	1.07386	945	0	0
2023.02.10	00:00:00	1.07361	1.07420	1.07334	1.07401	1290	0	7
2023.02.10	01:00:00	1.07402	1.07420	1.07379	1.07390	846	0	1
2023.02.10	02:00:00	1.07391	1.07394	1.07257	1.07346	2056	0	0
2023.02.10	03:00:00	1.07346	1.07386	1.07281	1.07336	2398	0	0
2023.02.10	04:00:00	1.07329	1.07343	1.07243	1.07251	1893	0	0
2023.02.10	05:00:00	1.07251	1.07261	1.07175	1.07208	2218	0	0
2023.02.10	06:00:00	1.07208	1.07242	1.07173	1.07185	1854	0	0
2023.02.10	07:00:00	1.07185	1.07268	1.07182	1.07260	2252	0	0
2023.02.10	08:00:00	1.07260	1.07292	1.07220	1.07231	2377	0	0
2023.02.10	09:00:00	1.07231	1.07448	1.07192	1.07412	8077	0	0
2023.02.10	10:00:00	1.07412	1.07529	1.07267	1.07424	8212	0	0
2023.02.10	11:00:00	1.07423	1.07449	1.07042	1.07068	7942	0	0
2023.02.10	12:00:00	1.07067	1.07114	1.06917	1.07090	5147	0	0
2023.02.10	13:00:00	1.07087	1.07112	1.06937	1.06986	3721	0	0
2023.02.10	14:00:00	1.06986	1.07007	1.06813	1.06832	4135	0	0
2023.02.10	15:00:00	1.06832	1.06994	1.06816	1.06960	6453	0	0
2023.02.10	16:00:00	1.06959	1.07069	1.06862	1.06977	6842	0	0
2023.02.10	17:00:00	1.06978	1.07067	1.06746	1.06769	9805	0	0
2023.02.10	18:00:00	1.06771	1.06870	1.06682	1.06688	5711	0	0
2023.02.10	19:00:00	1.06687	1.06742	1.06664	1.06684	3569	0	0
2023.02.10	20:00:00	1.06684	1.06769	1.06677	1.06714	1993	0	0
2023.02.10	21:00:00	1.06714	1.06754	1.06683	1.06733	2353	0	0
2023.02.10	22:00:00	1.06736	1.06808	1.06733	1.06789	2008	0	0
2023.02.10	23:00:00	1.06790	1.06800	1.06750	1.06782	956	0	0
2023.02.13	00:00:00	1.06803	1.06813	1.06745	1.06775	1775	0	18
2023.02.13	01:00:00	1.06776	1.06792	1.06712	1.06768	1926	0	1
2023.02.13	02:00:00	1.06771	1.06789	1.06680	1.06726	2458	0	0
2023.02.13	03:00:00	1.06726	1.06750	1.06555	1.06669	3670	0	0
2023.02.13	04:00:00	1.06670	1.06710	1.06605	1.06676	2223	0	0
2023.02.13	05:00:00	1.06676	1.06682	1.06607	1.06607	1852	0	0
2023.02.13	06:00:00	1.06608	1.06692	1.06607	1.06671	1335	0	0
2023.02.13	07:00:00	1.06671	1.06707	1.06632	1.06696	2080	0	0
2023.02.13	08:00:00	1.06696	1.06793	1.06672	1.06741	2716	0	0
2023.02.13	09:00:00	1.06741	1.06899	1.06726	1.06832	3889	0	0
2023.02.13	10:00:00	1.06832	1.06856	1.06737	1.06744	4652	0	0
2023.02.13	11:00:00	1.06744	1.06842	1.06633	1.06772	4146	0	0
2023.02.13	12:00:00	1.06772	1.06851	1.06755	1.06805	2940	0	0
2023.02.13	13:00:00	1.06808	1.06843	1.06734	1.06758	2701	0	0
2023.02.13	14:00:00	1.06759	1.06966	1.06738	1.06907	3504	0	0
2023.02.13	15:00:00	1.06907	1.06955	1.06761	1.06808	4132	0	0
2023.02.13	16:00:00	1.06808	1.07072	1.06765	1.07050	6454	0	0
2023.02.13	17:00:00	1.07051	1.07275	1.07021	1.07197	6516	0	0
2023.02.13	18:00:00	1.07198	1.07234	1.07103	1.07169	4334	0	0
2023.02.13	19:00:00	1.07168	1.07217	1.07158	1.07184	2620	0	0
2023.02.13	20:00:00	1.07184	1.07300	1.07117	1.07279	2143	0	0
2023.02.13	21:00:00	1.07279	1.07283	1.07161	1.07174	2309	0	0
2023.02.13	22:00:00	1.07173	1.07237	1.07141	1.07228	2102	0	0
2023.02.13	23:00:00	1.07228	1.07250	1.07205	1.07243	835	0	0
2023.02.14	00:00:00	1.07188	1.07255	1.07182	1.07247	594	0	7
2023.02.14	01:00:00	1.07247	1.07325	1.07210	1.07310	1373	0	2
2023.02.14	02:00:00	1.07310	1.07368	1.07299	1.07334	1968	0	0
2023.02.14	03:00:00	1.07335	1.07342	1.07257	1.07287	2705	0	0
2023.02.14	04:00:00	1.07287	1.07339	1.07254	1.07320	2510	0	0
2023.02.14	05:00:00	1.07321	1.07358	1.07295	1.07345	1323	0	0
2023.02.14	06:00:00	1.07345	1.07399	1.07320	1.07381	1247	0	0
2023.02.14	07:00:00	1.07378	1.07398	1.07354	1.07384	1736	0	0
2023.02.14	08:00:00	1.07383	1.07431	1.07341	1.07392	2458	0	0
2023.02.14	09:00:00	1.07392	1.07467	1.07289	1.07321	4387	0	0
2023.02.14	10:00:00	1.07323	1.07503	1.07290	1.07487	4466	0	0
2023.02.14	11:00:00	1.07492	1.07670	1.07446	1.07615	4872	0	0
2023.02.14	12:00:00	1.07614	1.07664	1.07486	1.07557	3778	0	0
2023.02.14	13:00:00	1.07557	1.07653	1.07514	1.07552	3271	0	0
2023.02.14	14:00:00	1.07552	1.07680	1.07488	1.07581	4345	0	0
2023.02.14	15:00:00	1.07580	1.08045	1.07184	1.07607	15827	0	0
2023.02.14	16:00:00	1.07611	1.07695	1.07085	1.07523	19106	0	0
2023.02.14	17:00:00	1.07523	1.07720	1.07068	1.07158	14099	0	0
2023.02.14	18:00:00	1.07159	1.07341	1.07125	1.07215	11508	0	0
2023.02.14	19:00:00	1.07215	1.07306	1.07192	1.07279	6641	0	0
2023.02.14	20:00:00	1.07277	1.07454	1.07273	1.07317	6383	0	0
2023.02.14	21:00:00	1.07319	1.07411	1.07233	1.07394	5109	0	0
2023.02.14	22:00:00	1.07391	1.07424	1.07323	1.07380	3566	0	0
2023.02.14	23:00:00	1.07365	1.07389	1.07348	1.07352	853	0	0
2023.02.15	00:00:00	1.07360	1.07366	1.07320	1.07343	527	0	2
2023.02.15	01:00:00	1.07343	1.07394	1.07332	1.07351	1451	0	1
2023.02.15	02:00:00	1.07352	1.07402	1.07328	1.07381	2206	0	0
2023.02.15	03:00:00	1.07381	1.07445	1.07359	1.07397	2303	0	0
2023.02.15	04:00:00	1.07397	1.07399	1.07233	1.07247	2645	0	0
2023.02.15	05:00:00	1.07247	1.07277	1.07171	1.07181	2295	0	0
2023.02.15	06:00:00	1.07181	1.07208	1.07145	1.07182	1697	0	0
2023.02.15	07:00:00	1.07180	1.07211	1.07137	1.07152	1787	0	0
2023.02.15	08:00:00	1.07152	1.07200	1.07038	1.07074	2811	0	0
2023.02.15	09:00:00	1.07075	1.07188	1.07000	1.07082	5932	0	0
2023.02.15	10:00:00	1.07084	1.07287	1.07049	1.07241	6117	0	0
2023.02.15	11:00:00	1.07242	1.07299	1.07166	1.07258	3904	0	0
2023.02.15	12:00:00	1.07257	1.07331	1.07156	1.07157	3341	0	0
2023.02.15	13:00:00	1.07159	1.07243	1.07103	1.07111	3002	0	0
2023.02.15	14:00:00	1.07111	1.07181	1.06969	1.06977	3786	0	0
2023.02.15	15:00:00	1.06974	1.07060	1.06741	1.06831	10751	0	0
2023.02.15	16:00:00	1.06831	1.06892	1.06659	1.06695	10653	0	0
2023.02.15	17:00:00	1.06696	1.06846	1.06652	1.06760	8808	0	0
2023.02.15	18:00:00	1.06760	1.06878	1.06672	1.06822	6058	0	0
2023.02.15	19:00:00	1.06823	1.06824	1.06619	1.06669	4080	0	0
2023.02.15	20:00:00	1.06669	1.06783	1.06606	1.06758	3233	0	0
2023.02.15	21:00:00	1.06758	1.06863	1.06755	1.06809	2493	0	0
2023.02.15	22:00:00	1.06812	1.06903	1.06797	1.06903	2116	0	0
2023.02.15	23:00:00	1.06902	1.06915	1.06864	1.06864	970	0	0
2023.02.16	00:00:00	1.06862	1.06899	1.06796	1.06884	4782	0	2
2023.02.16	01:00:00	1.06884	1.06921	1.06864	1.06911	1449	0	2
2023.02.16	02:00:00	1.06913	1.06955	1.06845	1.06894	3071	0	0
2023.02.16	03:00:00	1.06893	1.07080	1.06869	1.07049	3542	0	0
2023.02.16	04:00:00	1.07048	1.07149	1.07026	1.07125	2605	0	0
2023.02.16	05:00:00	1.07125	1.07128	1.07076	1.07095	1899	0	0
2023.02.16	06:00:00	1.07095	1.07105	1.07068	1.07071	1419	0	0
2023.02.16	07:00:00	1.07071	1.07087	1.07011	1.07055	1498	0	0
2023.02.16	08:00:00	1.07054	1.07090	1.06963	1.06999	2431	0	0
2023.02.16	09:00:00	1.06998	1.07104	1.06969	1.07090	3803	0	0
2023.02.16	10:00:00	1.07090	1.07225	1.07007	1.07071	5493	0	0
2023.02.16	11:00:00	1.07070	1.07129	1.06891	1.07005	4739	0	0
2023.02.16	12:00:00	1.07005	1.07128	1.07000	1.07064	3314	0	0
2023.02.16	13:00:00	1.07063	1.07068	1.06937	1.07052	3418	0	0
2023.02.16	14:00:00	1.07052	1.07082	1.06918	1.06939	3473	0	0
2023.02.16	15:00:00	1.06939	1.07089	1.06699	1.06795	11538	0	0
2023.02.16	16:00:00	1.06794	1.06893	1.06597	1.06629	10646	0	0
2023.02.16	17:00:00	1.06627	1.06827	1.06546	1.06731	9381	0	0
2023.02.16	18:00:00	1.06732	1.06912	1.06682	1.06832	7080	0	0
2023.02.16	19:00:00	1.06830	1.06961	1.06780	1.06930	4645	0	0
2023.02.16	20:00:00	1.06929	1.06962	1.06833	1.06921	4348	0	0
2023.02.16	21:00:00	1.06921	1.06976	1.06895	1.06904	2830	0	0
2023.02.16	22:00:00	1.06902	1.06910	1.06694	1.06737	6794	0	0
2023.02.16	23:00:00	1.06737	1.06756	1.06700	1.06716	1304	0	0
2023.02.17	00:00:00	1.06720	1.06742	1.06667	1.06693	559	0	1
2023.02.17	01:00:00	1.06695	1.06695	1.06623	1.06657	1468	0	1
2023.02.17	02:00:00	1.06654	1.06656	1.06550	1.06601	1996	0	0
2023.02.17	03:00:00	1.06601	1.06656	1.06523	1.06534	2531	0	0
2023.02.17	04:00:00	1.06534	1.06550	1.06486	1.06510	2168	0	0
2023.02.17	05:00:00	1.06509	1.06557	1.06488	1.06527	1582	0	0
2023.02.17	06:00:00	1.06527	1.06530	1.06328	1.06383	2112	0	0
2023.02.17	07:00:00	1.06382	1.06407	1.06355	1.06384	1904	0	0
2023.02.17	08:00:00	1.06384	1.06389	1.06318	1.06346	2393	0	0
2023.02.17	09:00:00	1.06344	1.06464	1.06296	1.06442	4690	0	0
2023.02.17	10:00:00	1.06441	1.06470	1.06307	1.06440	5114	0	0
2023.02.17	11:00:00	1.06440	1.06613	1.06357	1.06370	4634	0	0
2023.02.17	12:00:00	1.06369	1.06447	1.06326	1.06417	3520	0	0
2023.02.17	13:00:00	1.06417	1.06421	1.06238	1.06258	3643	0	0
2023.02.17	14:00:00	1.06258	1.06267	1.06128	1.06201	4619	0	0
2023.02.17	15:00:00	1.06202	1.06439	1.06202	1.06413	5340	0	0
2023.02.17	16:00:00	1.06413	1.06557	1.06368	1.06404	7189	0	0
2023.02.17	17:00:00	1.06404	1.06822	1.06404	1.06622	11227	0	0
2023.02.17	18:00:00	1.06622	1.06796	1.06568	1.06771	6623	0	0
2023.02.17	19:00:00	1.06772	1.06939	1.06769	1.06786	4677	0	0
2023.02.17	20:00:00	1.06789	1.06909	1.06776	1.06855	2941	0	0
2023.02.17	21:00:00	1.06856	1.06970	1.06855	1.06964	2914	0	0
2023.02.17	22:00:00	1.06964	1.06985	1.06935	1.06948	3275	0	0
2023.02.17	23:00:00	1.06950	1.06977	1.06925	1.06935	913	0	0
2023.02.20	00:00:00	1.06848	1.06930	1.06834	1.06898	1417	0	12
2023.02.20	01:00:00	1.06898	1.06932	1.06821	1.06841	1897	0	1
2023.02.20	02:00:00	1.06841	1.06856	1.06730	1.06791	2191	0	0
2023.02.20	03:00:00	1.06791	1.06811	1.06735	1.06759	2142	0	0
2023.02.20	04:00:00	1.06759	1.06868	1.06754	1.06838	2046	0	0
2023.02.20	05:00:00	1.06838	1.06842	1.06790	1.06818	1499	0	0
2023.02.20	06:00:00	1.06818	1.06912	1.06815	1.06867	1569	0	0
2023.02.20	07:00:00	1.06867	1.06934	1.06838	1.06909	1607	0	0
2023.02.20	08:00:00	1.06910	1.06939	1.06877	1.06907	2356	0	0
2023.02.20	09:00:00	1.06907	1.07038	1.06877	1.07018	3021	0	0
2023.02.20	10:00:00	1.07018	1.07047	1.06854	1.06930	3471	0	0
2023.02.20	11:00:00	1.06930	1.06993	1.06792	1.06794	3390	0	0
2023.02.20	12:00:00	1.06794	1.06890	1.06781	1.06883	2562	0	0
2023.02.20	13:00:00	1.06880	1.06923	1.06831	1.06853	2489	0	0
2023.02.20	14:00:00	1.06857	1.06863	1.06705	1.06713	2394	0	0
2023.02.20	15:00:00	1.06713	1.06863	1.06704	1.06806	2980	0	0
2023.02.20	16:00:00	1.06806	1.06916	1.06784	1.06887	2716	0	0
2023.02.20	17:00:00	1.06886	1.06939	1.06837	1.06862	2518	0	0
2023.02.20	18:00:00	1.06863	1.06891	1.06832	1.06885	1539	0	0
2023.02.20	19:00:00	1.06884	1.06906	1.06842	1.06856	932	0	0
2023.02.20	20:00:00	1.06858	1.06869	1.06835	1.06836	454	0	0
2023.02.20	21:00:00	1.06836	1.06875	1.06836	1.06874	468	0	0
2023.02.20	22:00:00	1.06874	1.06874	1.06844	1.06844	432	0	0
2023.02.20	23:00:00	1.06847	1.06860	1.06821	1.06853	643	0	0
2023.02.21	00:00:00	1.06837	1.06867	1.06818	1.06837	2046	0	21
2023.02.21	01:00:00	1.06839	1.06885	1.06822	1.06823	719	0	2
2023.02.21	02:00:00	1.06823	1.06852	1.06770	1.06771	1732	0	0
2023.02.21	03:00:00	1.06771	1.06778	1.06674	1.06737	2453	0	1
2023.02.21	04:00:00	1.06737	1.06752	1.06633	1.06635	2027	0	0
2023.02.21	05:00:00	1.06635	1.06667	1.06620	1.06667	1668	0	1
2023.02.21	06:00:00	1.06667	1.06698	1.06628	1.06686	1012	0	1
2023.02.21	07:00:00	1.06685	1.06742	1.06661	1.06738	1536	0	0
2023.02.21	08:00:00	1.06738	1.06738	1.06669	1.06714	1778	0	0
2023.02.21	09:00:00	1.06714	1.06725	1.06600	1.06696	3303	0	0
2023.02.21	10:00:00	1.06696	1.06881	1.06596	1.06602	6673	0	0
2023.02.21	11:00:00	1.06604	1.06751	1.06428	1.06625	7505	0	0
2023.02.21	12:00:00	1.06625	1.06679	1.06458	1.06489	4595	0	0
2023.02.21	13:00:00	1.06489	1.06609	1.06464	1.06574	3661	0	0
2023.02.21	14:00:00	1.06574	1.06648	1.06472	1.06600	3922	0	0
2023.02.21	15:00:00	1.06600	1.06696	1.06517	1.06529	6014	0	0
2023.02.21	16:00:00	1.06529	1.06733	1.06439	1.06489	9364	0	0
2023.02.21	17:00:00	1.06488	1.06983	1.06458	1.06854	10182	0	0
2023.02.21	18:00:00	1.06857	1.06857	1.06561	1.06564	5321	0	0
2023.02.21	19:00:00	1.06562	1.06629	1.06528	1.06607	3235	0	0
2023.02.21	20:00:00	1.06607	1.06614	1.06375	1.06428	2692	0	0
2023.02.21	21:00:00	1.06429	1.06524	1.06399	1.06486	2412	0	0
2023.02.21	22:00:00	1.06487	1.06525	1.06453	1.06456	2354	0	0
2023.02.21	23:00:00	1.06457	1.06486	1.06431	1.06465	694	0	0
2023.02.22	00:00:00	1.06445	1.06490	1.06426	1.06468	6398	0	21
2023.02.22	01:00:00	1.06466	1.06534	1.06466	1.06514	805	0	2
2023.02.22	02:00:00	1.06514	1.06584	1.06485	1.06579	2523	0	1
2023.02.22	03:00:00	1.06568	1.06640	1.06540	1.06577	2768	0	0
2023.02.22	04:00:00	1.06577	1.06607	1.06536	1.06561	2417	0	0
2023.02.22	05:00:00	1.06561	1.06626	1.06550	1.06596	1241	0	0
2023.02.22	06:00:00	1.06597	1.06600	1.06564	1.06586	1030	0	0
2023.02.22	07:00:00	1.06585	1.06590	1.06513	1.06576	1399	0	0
2023.02.22	08:00:00	1.06576	1.06601	1.06553	1.06563	1411	0	0
2023.02.22	09:00:00	1.06566	1.06636	1.06525	1.06536	3230	0	0
2023.02.22	10:00:00	1.06534	1.06578	1.06429	1.06455	4837	0	0
2023.02.22	11:00:00	1.06449	1.06507	1.06357	1.06375	5419	0	0
2023.02.22	12:00:00	1.06375	1.06422	1.06250	1.06251	4624	0	0
2023.02.22	13:00:00	1.06250	1.06362	1.06246	1.06303	3804	0	0
2023.02.22	14:00:00	1.06306	1.06479	1.06256	1.06479	4850	0	0
2023.02.22	15:00:00	1.06479	1.06506	1.06362	1.06463	4983	0	0
2023.02.22	16:00:00	1.06463	1.06605	1.06411	1.06498	6975	0	0
2023.02.22	17:00:00	1.06498	1.06576	1.06250	1.06268	8569	0	0
2023.02.22	18:00:00	1.06266	1.06341	1.06173	1.06229	6513	0	0
2023.02.22	19:00:00	1.06229	1.06346	1.06181	1.06282	3290	0	0
2023.02.22	20:00:00	1.06283	1.06361	1.06222	1.06246	3259	0	0
2023.02.22	21:00:00	1.06246	1.06342	1.05993	1.06009	10411	0	0
2023.02.22	22:00:00	1.06010	1.06072	1.05992	1.06028	3990	0	0
2023.02.22	23:00:00	1.06028	1.06055	1.06011	1.06045	875	0	0
2023.02.23	00:00:00	1.06036	1.06050	1.06005	1.06042	302	0	19
2023.02.23	01:00:00	1.06037	1.06083	1.06029	1.06053	1093	0	2
2023.02.23	02:00:00	1.06053	1.06121	1.06049	1.06115	1075	0	1
2023.02.23	03:00:00	1.06115	1.06216	1.06108	1.06197	1852	0	0
2023.02.23	04:00:00	1.06197	1.06247	1.06145	1.06230	1464	0	0
2023.02.23	05:00:00	1.06230	1.06247	1.06212	1.06224	1180	0	0
2023.02.23	06:00:00	1.06223	1.06245	1.06192	1.06244	662	0	0
2023.02.23	07:00:00	1.06245	1.06246	1.06153	1.06225	1292	0	0
2023.02.23	08:00:00	1.06225	1.06278	1.06197	1.06225	1522	0	0
2023.02.23	09:00:00	1.06223	1.06242	1.06105	1.06165	3849	0	0
2023.02.23	10:00:00	1.06165	1.06178	1.06031	1.06060	5530	0	0
2023.02.23	11:00:00	1.06060	1.06065	1.05874	1.05910	4956	0	0
2023.02.23	12:00:00	1.05907	1.06015	1.05873	1.05980	3580	0	0
2023.02.23	13:00:00	1.05980	1.06044	1.05860	1.06041	3220	0	0
2023.02.23	14:00:00	1.06041	1.06192	1.06011	1.06139	4050	0	0
2023.02.23	15:00:00	1.06139	1.06211	1.05943	1.06077	9234	0	0
2023.02.23	16:00:00	1.06079	1.06165	1.05951	1.06070	9578	0	0
2023.02.23	17:00:00	1.06070	1.06087	1.05876	1.05970	9113	0	0
2023.02.23	18:00:00	1.05970	1.05984	1.05792	1.05824	6611	0	0
2023.02.23	19:00:00	1.05825	1.05858	1.05771	1.05854	4008	0	0
2023.02.23	20:00:00	1.05854	1.05933	1.05810	1.05882	3750	0	0
2023.02.23	21:00:00	1.05882	1.06030	1.05869	1.05957	3830	0	0
2023.02.23	22:00:00	1.05957	1.06033	1.05954	1.06032	2797	0	0
2023.02.23	23:00:00	1.06033	1.06033	1.05931	1.05971	1127	0	0
2023.02.24	00:00:00	1.05926	1.05960	1.05900	1.05945	667	0	8
2023.02.24	01:00:00	1.05950	1.06016	1.05938	1.05975	1035	0	2
2023.02.24	02:00:00	1.05976	1.06069	1.05951	1.06069	2951	0	1
2023.02.24	03:00:00	1.06069	1.06143	1.05936	1.06013	4786	0	0
2023.02.24	04:00:00	1.06012	1.06063	1.05947	1.05970	2407	0	1
2023.02.24	05:00:00	1.05970	1.06052	1.05967	1.05999	1574	0	0
2023.02.24	06:00:00	1.05999	1.06014	1.05958	1.06001	1307	0	0
2023.02.24	07:00:00	1.06000	1.06023	1.05973	1.05975	1653	0	0
2023.02.24	08:00:00	1.05977	1.06023	1.05966	1.05986	2161	0	0
2023.02.24	09:00:00	1.05987	1.05987	1.05884	1.05894	4322	0	0
2023.02.24	10:00:00	1.05893	1.05960	1.05800	1.05891	6282	0	0
2023.02.24	11:00:00	1.05889	1.05928	1.05845	1.05858	4109	0	0
2023.02.24	12:00:00	1.05857	1.05962	1.05827	1.05866	3349	0	0
2023.02.24	13:00:00	1.05866	1.05904	1.05735	1.05798	4270	0	0
2023.02.24	14:00:00	1.05798	1.05798	1.05643	1.05663	4635	0	0
2023.02.24	15:00:00	1.05663	1.05763	1.05438	1.05539	11930	0	0
2023.02.24	16:00:00	1.05539	1.05607	1.05362	1.05476	12607	0	0
2023.02.24	17:00:00	1.05474	1.05598	1.05402	1.05422	12433	0	0
2023.02.24	18:00:00	1.05423	1.05597	1.05402	1.05438	6992	0	0
2023.02.24	19:00:00	1.05440	1.05589	1.05431	1.05472	4280	0	0
2023.02.24	20:00:00	1.05472	1.05552	1.05441	1.05453	3812	0	0
2023.02.24	21:00:00	1.05453	1.05544	1.05441	1.05509	3394	0	0
2023.02.24	22:00:00	1.05507	1.05557	1.05465	1.05472	3683	0	0
2023.02.24	23:00:00	1.05471	1.05486	1.05438	1.05446	991	0	0
2023.02.27	00:00:00	1.05459	1.05475	1.05429	1.05449	282	0	18
2023.02.27	01:00:00	1.05450	1.05552	1.05441	1.05532	1371	0	2
2023.02.27	02:00:00	1.05533	1.05556	1.05451	1.05546	2840	0	0
2023.02.27	03:00:00	1.05546	1.05593	1.05523	1.05592	2249	0	0
2023.02.27	04:00:00	1.05589	1.05599	1.05523	1.05533	1842	0	1
2023.02.27	05:00:00	1.05533	1.05547	1.05400	1.05442	1822	0	0
2023.02.27	06:00:00	1.05442	1.05494	1.05434	1.05489	1241	0	0
2023.02.27	07:00:00	1.05489	1.05506	1.05389	1.05395	1735	0	0
2023.02.27	08:00:00	1.05395	1.05480	1.05330	1.05379	2617	0	0
2023.02.27	09:00:00	1.05379	1.05530	1.05354	1.05479	4538	0	0
2023.02.27	10:00:00	1.05480	1.05614	1.05480	1.05527	5815	0	0
2023.02.27	11:00:00	1.05525	1.05588	1.05492	1.05512	4252	0	0
2023.02.27	12:00:00	1.05512	1.05680	1.05488	1.05677	3651	0	0
2023.02.27	13:00:00	1.05676	1.05694	1.05589	1.05622	3156	0	0
2023.02.27	14:00:00	1.05622	1.05662	1.05556	1.05585	2978	0	0
2023.02.27	15:00:00	1.05584	1.05834	1.05499	1.05829	6206	0	0
2023.02.27	16:00:00	1.05829	1.05941	1.05760	1.05899	5721	0	0
2023.02.27	17:00:00	1.05899	1.06199	1.05872	1.06011	8293	0	0
2023.02.27	18:00:00	1.06011	1.06043	1.05796	1.05953	5023	0	0
2023.02.27	19:00:00	1.05953	1.06021	1.05864	1.06013	3557	0	0
2023.02.27	20:00:00	1.06013	1.06077	1.05988	1.06068	2795	0	0
2023.02.27	21:00:00	1.06068	1.06129	1.06063	1.06076	2965	0	0
2023.02.27	22:00:00	1.06076	1.06097	1.06045	1.06081	3292	0	0
2023.02.27	23:00:00	1.06080	1.06101	1.06065	1.06096	717	0	0
2023.02.28	00:00:00	1.06084	1.06090	1.05972	1.06040	1341	0	15
2023.02.28	01:00:00	1.06044	1.06105	1.06040	1.06096	1005	0	2
2023.02.28	02:00:00	1.06096	1.06148	1.06059	1.06097	1478	0	0
2023.02.28	03:00:00	1.06096	1.06103	1.05861	1.05865	2276	0	0
2023.02.28	04:00:00	1.05867	1.05987	1.05856	1.05952	1700	0	0
2023.02.28	05:00:00	1.05953	1.05963	1.05911	1.05925	1196	0	0
2023.02.28	06:00:00	1.05924	1.05927	1.05871	1.05901	1199	0	1
2023.02.28	07:00:00	1.05901	1.05908	1.05821	1.05848	1856	0	0
2023.02.28	08:00:00	1.05847	1.05927	1.05821	1.05873	2073	0	0
2023.02.28	09:00:00	1.05874	1.05969	1.05821	1.05935	3905	0	0
2023.02.28	10:00:00	1.05945	1.06201	1.05945	1.06159	5904	0	0
2023.02.28	11:00:00	1.06161	1.06254	1.06037	1.06060	4707	0	0
2023.02.28	12:00:00	1.06060	1.06172	1.06057	1.06163	3640	0	0
2023.02.28	13:00:00	1.06164	1.06187	1.06072	1.06092	3055	0	0
2023.02.28	14:00:00	1.06092	1.06195	1.06061	1.06177	3165	0	0
2023.02.28	15:00:00	1.06176	1.06319	1.06138	1.06313	4527	0	0
2023.02.28	16:00:00	1.06313	1.06408	1.06140	1.06335	6147	0	0
2023.02.28	17:00:00	1.06333	1.06454	1.06016	1.06051	10210	0	0
2023.02.28	18:00:00	1.06052	1.06172	1.06002	1.06008	6009	0	0
2023.02.28	19:00:00	1.06007	1.06099	1.05953	1.06056	3230	0	0
2023.02.28	20:00:00	1.06054	1.06068	1.05882	1.05914	2504	0	0
2023.02.28	21:00:00	1.05914	1.05958	1.05826	1.05839	2373	0	0
2023.02.28	22:00:00	1.05837	1.05839	1.05765	1.05765	1945	0	0
2023.02.28	23:00:00	1.05766	1.05787	1.05739	1.05741	996	0	0
2023.03.01	00:00:00	1.05751	1.05787	1.05695	1.05782	3466	0	14
2023.03.01	01:00:00	1.05782	1.05803	1.05750	1.05765	1141	0	2
2023.03.01	02:00:00	1.05766	1.05771	1.05654	1.05683	2297	0	0
2023.03.01	03:00:00	1.05685	1.05851	1.05672	1.05843	3096	0	0
2023.03.01	04:00:00	1.05844	1.05864	1.05814	1.05834	1650	0	1
2023.03.01	05:00:00	1.05833	1.05955	1.05819	1.05933	1671	0	0
2023.03.01	06:00:00	1.05933	1.05943	1.05882	1.05892	1347	0	0
2023.03.01	07:00:00	1.05890	1.05953	1.05889	1.05910	1615	0	0
2023.03.01	08:00:00	1.05911	1.06148	1.05894	1.06072	2987	0	0
2023.03.01	09:00:00	1.06073	1.06452	1.06045	1.06417	5510	0	0
2023.03.01	10:00:00	1.06417	1.06490	1.06258	1.06484	7210	0	0
2023.03.01	11:00:00	1.06484	1.06576	1.06377	1.06424	5040	0	0
2023.03.01	12:00:00	1.06423	1.06695	1.06400	1.06681	5816	0	0
2023.03.01	13:00:00	1.06681	1.06741	1.06551	1.06699	4550	0	0
2023.03.01	14:00:00	1.06699	1.06873	1.06636	1.06869	4254	0	0
2023.03.01	15:00:00	1.06869	1.06916	1.06692	1.06715	5339	0	0
2023.03.01	16:00:00	1.06715	1.06798	1.06651	1.06661	6838	0	0
2023.03.01	17:00:00	1.06660	1.06787	1.06434	1.06722	11945	0	0
2023.03.01	18:00:00	1.06722	1.06786	1.06594	1.06733	6490	0	0
2023.03.01	19:00:00	1.06734	1.06782	1.06644	1.06653	4042	0	0
2023.03.01	20:00:00	1.06654	1.06654	1.06501	1.06520	2383	0	0
2023.03.01	21:00:00	1.06520	1.06591	1.06465	1.06573	2542	0	0
2023.03.01	22:00:00	1.06572	1.06659	1.06563	1.06649	2521	0	0
2023.03.01	23:00:00	1.06649	1.06713	1.06645	1.06694	782	0	0
2023.03.02	00:00:00	1.06683	1.06691	1.06640	1.06675	996	0	15
2023.03.02	01:00:00	1.06675	1.06723	1.06655	1.06684	855	0	2
2023.03.02	02:00:00	1.06687	1.06728	1.06582	1.06604	1709	0	1
2023.03.02	03:00:00	1.06604	1.06620	1.06466	1.06514	3197	0	1
2023.03.02	04:00:00	1.06514	1.06568	1.06487	1.06557	2230	0	0
2023.03.02	05:00:00	1.06557	1.06559	1.06446	1.06456	1730	0	0
2023.03.02	06:00:00	1.06459	1.06508	1.06454	1.06481	1146	0	0
2023.03.02	07:00:00	1.06481	1.06489	1.06373	1.06414	1772	0	0
2023.03.02	08:00:00	1.06413	1.06437	1.06354	1.06394	2240	0	0
2023.03.02	09:00:00	1.06397	1.06448	1.06324	1.06364	3994	0	0
2023.03.02	10:00:00	1.06366	1.06391	1.06262	1.06386	6447	0	0
2023.03.02	11:00:00	1.06386	1.06430	1.06192	1.06239	5448	0	0
2023.03.02	12:00:00	1.06240	1.06313	1.06130	1.06141	5692	0	0
2023.03.02	13:00:00	1.06140	1.06307	1.06138	1.06251	4587	0	0
2023.03.02	14:00:00	1.06253	1.06312	1.06047	1.06060	5145	0	0
2023.03.02	15:00:00	1.06060	1.06100	1.05819	1.05861	8606	0	0
2023.03.02	16:00:00	1.05859	1.06075	1.05857	1.05993	9218	0	0
2023.03.02	17:00:00	1.05996	1.06147	1.05937	1.06087	8670	0	0
2023.03.02	18:00:00	1.06088	1.06130	1.05924	1.05940	5567	0	0
2023.03.02	19:00:00	1.05943	1.05952	1.05766	1.05798	3955	0	0
2023.03.02	20:00:00	1.05799	1.05942	1.05765	1.05930	4128	0	0
2023.03.02	21:00:00	1.05930	1.05995	1.05889	1.05904	4244	0	0
2023.03.02	22:00:00	1.05903	1.06065	1.05861	1.06003	3794	0	0
2023.03.02	23:00:00	1.06005	1.06005	1.05959	1.05972	1170	0	0
2023.03.03	00:00:00	1.05966	1.05977	1.05936	1.05971	444	0	14
2023.03.03	01:00:00	1.05971	1.06006	1.05942	1.05981	1190	0	2
2023.03.03	02:00:00	1.05981	1.06117	1.05968	1.06107	1476	0	0
2023.03.03	03:00:00	1.06107	1.06144	1.06052	1.06084	2684	0	0
2023.03.03	04:00:00	1.06085	1.06149	1.06019	1.06026	2311	0	0
2023.03.03	05:00:00	1.06025	1.06075	1.06021	1.06062	1410	0	0
2023.03.03	06:00:00	1.06062	1.06098	1.06052	1.06086	829	0	0
2023.03.03	07:00:00	1.06088	1.06134	1.06083	1.06091	1145	0	0
2023.03.03	08:00:00	1.06092	1.06231	1.06091	1.06213	2099	0	0
2023.03.03	09:00:00	1.06213	1.06230	1.06094	1.06100	3783	0	0
2023.03.03	10:00:00	1.06101	1.06292	1.06101	1.06213	5221	0	0
2023.03.03	11:00:00	1.06212	1.06212	1.06074	1.06101	5253	0	0
2023.03.03	12:00:00	1.06099	1.06233	1.06005	1.06167	4384	0	0
2023.03.03	13:00:00	1.06167	1.06182	1.06100	1.06147	3512	0	0
2023.03.03	14:00:00	1.06147	1.06186	1.06032	1.06127	3522	0	0
2023.03.03	15:00:00	1.06127	1.06297	1.06107	1.06225	5412	0	0
2023.03.03	16:00:00	1.06225	1.06296	1.06115	1.06136	6903	0	0
2023.03.03	17:00:00	1.06135	1.06179	1.05884	1.05977	11275	0	0
2023.03.03	18:00:00	1.05977	1.06173	1.05926	1.06160	5741	0	0
2023.03.03	19:00:00	1.06157	1.06254	1.06119	1.06249	4351	0	0
2023.03.03	20:00:00	1.06249	1.06274	1.06201	1.06246	2648	0	0
2023.03.03	21:00:00	1.06244	1.06357	1.06234	1.06348	3070	0	0
2023.03.03	22:00:00	1.06347	1.06387	1.06304	1.06353	3573	0	0
2023.03.03	23:00:00	1.06350	1.06351	1.06301	1.06328	1111	0	0
2023.03.06	00:00:00	1.06228	1.06264	1.06217	1.06252	1211	0	21
2023.03.06	01:00:00	1.06255	1.06281	1.06228	1.06255	1307	0	2
2023.03.06	02:00:00	1.06258	1.06367	1.06254	1.06267	1489	0	0
2023.03.06	03:00:00	1.06273	1.06381	1.06240	1.06364	1969	0	0
2023.03.06	04:00:00	1.06364	1.06501	1.06281	1.06452	2106	0	0
2023.03.06	05:00:00	1.06455	1.06492	1.06436	1.06458	1710	0	0
2023.03.06	06:00:00	1.06458	1.06467	1.06412	1.06427	1079	0	0
2023.03.06	07:00:00	1.06428	1.06490	1.06411	1.06485	1186	0	0
2023.03.06	08:00:00	1.06486	1.06523	1.06373	1.06435	1928	0	0
2023.03.06	09:00:00	1.06435	1.06569	1.06427	1.06485	3929	0	0
2023.03.06	10:00:00	1.06479	1.06574	1.06417	1.06417	5163	0	0
2023.03.06	11:00:00	1.06418	1.06468	1.06281	1.06292	4318	0	0
2023.03.06	12:00:00	1.06293	1.06380	1.06253	1.06283	3295	0	0
2023.03.06	13:00:00	1.06283	1.06479	1.06222	1.06394	4751	0	0
2023.03.06	14:00:00	1.06394	1.06432	1.06324	1.06414	3557	0	0
2023.03.06	15:00:00	1.06413	1.06583	1.06403	1.06547	4858	0	0
2023.03.06	16:00:00	1.06547	1.06737	1.06503	1.06688	7019	0	0
2023.03.06	17:00:00	1.06689	1.06897	1.06616	1.06788	7736	0	0
2023.03.06	18:00:00	1.06788	1.06942	1.06756	1.06937	4928	0	0
2023.03.06	19:00:00	1.06937	1.06945	1.06800	1.06852	3238	0	0
2023.03.06	20:00:00	1.06851	1.06860	1.06718	1.06738	2768	0	0
2023.03.06	21:00:00	1.06737	1.06774	1.06684	1.06758	2737	0	0
2023.03.06	22:00:00	1.06756	1.06784	1.06721	1.06773	3011	0	0
2023.03.06	23:00:00	1.06772	1.06838	1.06760	1.06830	997	0	0
2023.03.07	00:00:00	1.06819	1.06819	1.06691	1.06807	2624	0	14
2023.03.07	01:00:00	1.06804	1.06868	1.06773	1.06852	987	0	2
2023.03.07	02:00:00	1.06852	1.06861	1.06775	1.06791	1125	0	0
2023.03.07	03:00:00	1.06791	1.06888	1.06762	1.06865	1672	0	0
2023.03.07	04:00:00	1.06864	1.06926	1.06843	1.06878	1683	0	0
2023.03.07	05:00:00	1.06879	1.06919	1.06845	1.06910	2016	0	0
2023.03.07	06:00:00	1.06910	1.06932	1.06883	1.06904	967	0	0
2023.03.07	07:00:00	1.06904	1.06906	1.06814	1.06854	1086	0	0
2023.03.07	08:00:00	1.06853	1.06869	1.06762	1.06764	1803	0	0
2023.03.07	09:00:00	1.06763	1.06945	1.06747	1.06857	4324	0	0
2023.03.07	10:00:00	1.06855	1.06865	1.06700	1.06738	5808	0	0
2023.03.07	11:00:00	1.06734	1.06734	1.06557	1.06569	5322	0	0
2023.03.07	12:00:00	1.06569	1.06666	1.06543	1.06607	3521	0	0
2023.03.07	13:00:00	1.06606	1.06690	1.06556	1.06567	3755	0	0
2023.03.07	14:00:00	1.06567	1.06715	1.06502	1.06697	3742	0	0
2023.03.07	15:00:00	1.06697	1.06720	1.06528	1.06564	5164	0	0
2023.03.07	16:00:00	1.06562	1.06612	1.06403	1.06479	6932	0	0
2023.03.07	17:00:00	1.06479	1.06479	1.05740	1.05856	18098	0	0
2023.03.07	18:00:00	1.05854	1.05960	1.05702	1.05726	10327	0	0
2023.03.07	19:00:00	1.05727	1.05882	1.05660	1.05673	8274	0	0
2023.03.07	20:00:00	1.05674	1.05739	1.05522	1.05559	5204	0	0
2023.03.07	21:00:00	1.05557	1.05601	1.05460	1.05517	3631	0	0
2023.03.07	22:00:00	1.05517	1.05574	1.05498	1.05508	3595	0	0
2023.03.07	23:00:00	1.05508	1.05525	1.05471	1.05495	850	0	0
2023.03.08	00:00:00	1.05485	1.05530	1.05448	1.05506	394	0	14
2023.03.08	01:00:00	1.05507	1.05511	1.05480	1.05481	1037	0	2
2023.03.08	02:00:00	1.05484	1.05504	1.05421	1.05501	1618	0	0
2023.03.08	03:00:00	1.05501	1.05505	1.05435	1.05447	1847	0	0
2023.03.08	04:00:00	1.05448	1.05470	1.05320	1.05324	1543	0	0
2023.03.08	05:00:00	1.05325	1.05373	1.05277	1.05294	1538	0	1
2023.03.08	06:00:00	1.05294	1.05365	1.05294	1.05350	1417	0	0
2023.03.08	07:00:00	1.05350	1.05355	1.05244	1.05311	1459	0	0
2023.03.08	08:00:00	1.05311	1.05402	1.05305	1.05400	1594	0	0
2023.03.08	09:00:00	1.05396	1.05471	1.05335	1.05436	3755	0	0
2023.03.08	10:00:00	1.05436	1.05482	1.05351	1.05368	4442	0	0
2023.03.08	11:00:00	1.05368	1.05487	1.05348	1.05356	4169	0	0
2023.03.08	12:00:00	1.05356	1.05463	1.05341	1.05394	3255	0	0
2023.03.08	13:00:00	1.05394	1.05448	1.05343	1.05379	2712	0	0
2023.03.08	14:00:00	1.05379	1.05493	1.05369	1.05468	2438	0	0
2023.03.08	15:00:00	1.05468	1.05491	1.05369	1.05412	6270	0	0
2023.03.08	16:00:00	1.05412	1.05618	1.05412	1.05564	6701	0	0
2023.03.08	17:00:00	1.05564	1.05740	1.05292	1.05527	13368	0	0
2023.03.08	18:00:00	1.05528	1.05679	1.05457	1.05479	5672	0	0
2023.03.08	19:00:00	1.05479	1.05521	1.05423	1.05452	3621	0	0
2023.03.08	20:00:00	1.05452	1.05501	1.05396	1.05427	3996	0	0
2023.03.08	21:00:00	1.05427	1.05507	1.05414	1.05460	2978	0	0
2023.03.08	22:00:00	1.05460	1.05502	1.05413	1.05477	2378	0	0
2023.03.08	23:00:00	1.05476	1.05477	1.05423	1.05442	772	0	0
2023.03.09	00:00:00	1.05434	1.05452	1.05399	1.05425	826	0	15
2023.03.09	01:00:00	1.05425	1.05496	1.05413	1.05487	490	0	2
2023.03.09	02:00:00	1.05487	1.05534	1.05444	1.05468	1373	0	0
2023.03.09	03:00:00	1.05469	1.05487	1.05380	1.05405	1448	0	0
2023.03.09	04:00:00	1.05406	1.05485	1.05394	1.05454	1052	0	0
2023.03.09	05:00:00	1.05454	1.05509	1.05434	1.05492	817	0	0
2023.03.09	06:00:00	1.05493	1.05534	1.05459	1.05519	558	0	0
2023.03.09	07:00:00	1.05519	1.05555	1.05500	1.05524	931	0	0
2023.03.09	08:00:00	1.05524	1.05549	1.05484	1.05513	1079	0	0
2023.03.09	09:00:00	1.05509	1.05596	1.05495	1.05563	1865	0	0
2023.03.09	10:00:00	1.05564	1.05633	1.05482	1.05575	2506	0	0
2023.03.09	11:00:00	1.05575	1.05698	1.05505	1.05585	2616	0	0
2023.03.09	12:00:00	1.05586	1.05687	1.05534	1.05664	3006	0	0
2023.03.09	13:00:00	1.05662	1.05814	1.05661	1.05711	3529	0	0
2023.03.09	14:00:00	1.05711	1.05719	1.05538	1.05594	2699	0	0
2023.03.09	15:00:00	1.05594	1.05777	1.05526	1.05743	6882	0	0
2023.03.09	16:00:00	1.05742	1.05865	1.05665	1.05753	6796	0	0
2023.03.09	17:00:00	1.05752	1.05857	1.05669	1.05686	6049	0	0
2023.03.09	18:00:00	1.05687	1.05839	1.05637	1.05758	4401	0	0
2023.03.09	19:00:00	1.05757	1.05795	1.05696	1.05772	3131	0	0
2023.03.09	20:00:00	1.05772	1.05903	1.05730	1.05897	4205	0	0
2023.03.09	21:00:00	1.05897	1.05913	1.05756	1.05758	3453	0	0
2023.03.09	22:00:00	1.05758	1.05829	1.05725	1.05793	4581	0	0
2023.03.09	23:00:00	1.05792	1.05821	1.05751	1.05814	1405	0	0
2023.03.10	00:00:00	1.05815	1.05844	1.05744	1.05808	617	0	14
2023.03.10	01:00:00	1.05809	1.05851	1.05781	1.05851	1041	0	2
2023.03.10	02:00:00	1.05852	1.05993	1.05852	1.05986	2381	0	1
2023.03.10	03:00:00	1.05987	1.05992	1.05893	1.05946	2217	0	1
2023.03.10	04:00:00	1.05946	1.05958	1.05790	1.05896	5228	0	0
2023.03.10	05:00:00	1.05894	1.05981	1.05856	1.05967	2239	0	0
2023.03.10	06:00:00	1.05967	1.05985	1.05932	1.05945	1853	0	0
2023.03.10	07:00:00	1.05945	1.05952	1.05858	1.05867	1780	0	0
2023.03.10	08:00:00	1.05866	1.05911	1.05813	1.05837	2242	0	0
2023.03.10	09:00:00	1.05840	1.06068	1.05838	1.05948	5132	0	0
2023.03.10	10:00:00	1.05948	1.05989	1.05740	1.05917	5994	0	0
2023.03.10	11:00:00	1.05916	1.05988	1.05799	1.05814	4652	0	0
2023.03.10	12:00:00	1.05813	1.06039	1.05778	1.05878	4162	0	0
2023.03.10	13:00:00	1.05878	1.06022	1.05867	1.05896	3545	0	0
2023.03.10	14:00:00	1.05896	1.05986	1.05807	1.05944	4756	0	0
2023.03.10	15:00:00	1.05943	1.06442	1.05819	1.06217	14425	0	0
2023.03.10	16:00:00	1.06218	1.06744	1.06121	1.06665	17778	0	0
2023.03.10	17:00:00	1.06669	1.07008	1.06669	1.06874	13922	0	0
2023.03.10	18:00:00	1.06874	1.06875	1.06553	1.06589	10946	0	0
2023.03.10	19:00:00	1.06590	1.06739	1.06556	1.06685	6780	0	0
2023.03.10	20:00:00	1.06685	1.06728	1.06397	1.06432	5512	0	0
2023.03.10	21:00:00	1.06432	1.06518	1.06361	1.06434	6903	0	0
2023.03.10	22:00:00	1.06436	1.06481	1.06368	1.06372	6038	0	0
2023.03.10	23:00:00	1.06371	1.06416	1.06365	1.06381	1203	0	0
2023.03.13	00:00:00	1.06934	1.07024	1.06769	1.06921	3208	0	2
2023.03.13	01:00:00	1.06917	1.07022	1.06774	1.06808	7909	0	1
2023.03.13	02:00:00	1.06808	1.06981	1.06757	1.06814	7914	0	0
2023.03.13	03:00:00	1.06814	1.06872	1.06639	1.06686	5791	0	0
2023.03.13	04:00:00	1.06684	1.07315	1.06680	1.07303	8377	0	0
2023.03.13	05:00:00	1.07304	1.07369	1.07163	1.07170	5788	0	0
2023.03.13	06:00:00	1.07171	1.07257	1.07164	1.07178	3514	0	0
2023.03.13	07:00:00	1.07179	1.07266	1.07172	1.07204	3347	0	0
2023.03.13	08:00:00	1.07203	1.07297	1.07131	1.07214	4336	0	0
2023.03.13	09:00:00	1.07216	1.07372	1.07159	1.07254	7346	0	0
2023.03.13	10:00:00	1.07253	1.07290	1.07041	1.07076	8471	0	0
2023.03.13	11:00:00	1.07076	1.07076	1.06626	1.06704	14970	0	0
2023.03.13	12:00:00	1.06705	1.06810	1.06603	1.06742	10705	0	0
2023.03.13	13:00:00	1.06742	1.06768	1.06576	1.06641	10771	0	0
2023.03.13	14:00:00	1.06642	1.06981	1.06504	1.06964	18247	0	0
2023.03.13	15:00:00	1.06962	1.07212	1.06854	1.06994	12998	0	0
2023.03.13	16:00:00	1.06991	1.07280	1.06968	1.07227	13219	0	0
2023.03.13	17:00:00	1.07226	1.07336	1.07117	1.07333	11937	0	0
2023.03.13	18:00:00	1.07333	1.07426	1.07227	1.07397	10091	0	0
2023.03.13	19:00:00	1.07397	1.07486	1.07332	1.07384	6091	0	0
2023.03.13	20:00:00	1.07387	1.07428	1.07294	1.07340	6437	0	0
2023.03.13	21:00:00	1.07340	1.07348	1.07210	1.07298	7689	0	0
2023.03.13	22:00:00	1.07298	1.07332	1.07260	1.07308	1866	0	0
2023.03.13	23:00:00	1.07310	1.07339	1.07255	1.07286	556	0	1
2023.03.14	00:00:00	1.07274	1.07304	1.07250	1.07268	3057	0	1
2023.03.14	01:00:00	1.07268	1.07293	1.07225	1.07228	1709	0	1
2023.03.14	02:00:00	1.07228	1.07242	1.07112	1.07191	4251	0	0
2023.03.14	03:00:00	1.07191	1.07213	1.07052	1.07085	4747	0	0
2023.03.14	04:00:00	1.07085	1.07129	1.06989	1.07008	3561	0	0
2023.03.14	05:00:00	1.07009	1.07072	1.06995	1.07027	2851	0	0
2023.03.14	06:00:00	1.07028	1.07069	1.06982	1.07026	1967	0	0
2023.03.14	07:00:00	1.07026	1.07082	1.06971	1.07076	2111	0	0
2023.03.14	08:00:00	1.07076	1.07157	1.06934	1.06974	6601	0	0
2023.03.14	09:00:00	1.06974	1.07022	1.06790	1.06899	7959	0	0
2023.03.14	10:00:00	1.06899	1.07075	1.06832	1.07065	8655	0	0
2023.03.14	11:00:00	1.07065	1.07135	1.06914	1.07114	6960	0	0
2023.03.14	12:00:00	1.07112	1.07210	1.07005	1.07203	5276	0	0
2023.03.14	13:00:00	1.07199	1.07283	1.07124	1.07219	5446	0	0
2023.03.14	14:00:00	1.07219	1.07488	1.06986	1.07356	16954	0	0
2023.03.14	15:00:00	1.07357	1.07436	1.06981	1.07081	14141	0	0
2023.03.14	16:00:00	1.07082	1.07298	1.07052	1.07178	9849	0	0
2023.03.14	17:00:00	1.07180	1.07316	1.07143	1.07212	6741	0	0
2023.03.14	18:00:00	1.07212	1.07257	1.07105	1.07174	6260	0	0
2023.03.14	19:00:00	1.07174	1.07430	1.07173	1.07330	8279	0	0
2023.03.14	20:00:00	1.07330	1.07496	1.07320	1.07418	6336	0	0
2023.03.14	21:00:00	1.07418	1.07434	1.07338	1.07417	4885	0	0
2023.03.14	22:00:00	1.07420	1.07425	1.07319	1.07324	999	0	0
2023.03.14	23:00:00	1.07324	1.07352	1.07261	1.07309	212	0	7
2023.03.15	00:00:00	1.07310	1.07351	1.07305	1.07319	1800	0	2
2023.03.15	01:00:00	1.07320	1.07336	1.07250	1.07268	1072	0	1
2023.03.15	02:00:00	1.07268	1.07367	1.07252	1.07340	3038	0	0
2023.03.15	03:00:00	1.07340	1.07394	1.07312	1.07381	2717	0	0
2023.03.15	04:00:00	1.07383	1.07599	1.07375	1.07562	3725	0	0
2023.03.15	05:00:00	1.07562	1.07572	1.07494	1.07510	2083	0	0
2023.03.15	06:00:00	1.07510	1.07539	1.07430	1.07449	1727	0	0
2023.03.15	07:00:00	1.07450	1.07464	1.07360	1.07382	2403	0	0
2023.03.15	08:00:00	1.07383	1.07414	1.07307	1.07343	3200	0	0
2023.03.15	09:00:00	1.07344	1.07444	1.07275	1.07375	5743	0	0
2023.03.15	10:00:00	1.07375	1.07437	1.07268	1.07317	5857	0	0
2023.03.15	11:00:00	1.07316	1.07330	1.06657	1.06781	9749	0	0
2023.03.15	12:00:00	1.06781	1.06844	1.06197	1.06268	11737	0	0
2023.03.15	13:00:00	1.06268	1.06296	1.05805	1.05876	10886	0	0
2023.03.15	14:00:00	1.05875	1.05954	1.05526	1.05567	14690	0	0
2023.03.15	15:00:00	1.05564	1.05586	1.05224	1.05452	15199	0	0
2023.03.15	16:00:00	1.05452	1.05649	1.05295	1.05473	13279	0	0
2023.03.15	17:00:00	1.05478	1.05503	1.05160	1.05338	8696	0	0
2023.03.15	18:00:00	1.05338	1.05505	1.05276	1.05422	7526	0	0
2023.03.15	19:00:00	1.05422	1.05629	1.05422	1.05569	7737	0	0
2023.03.15	20:00:00	1.05569	1.05901	1.05473	1.05858	10525	0	0
2023.03.15	21:00:00	1.05857	1.05925	1.05746	1.05803	10325	0	0
2023.03.15	22:00:00	1.05802	1.05834	1.05739	1.05761	1748	0	0
2023.03.15	23:00:00	1.05748	1.05783	1.05724	1.05766	316	0	9
2023.03.16	00:00:00	1.05757	1.05812	1.05737	1.05783	2320	0	1
2023.03.16	01:00:00	1.05783	1.05889	1.05779	1.05816	2390	0	1
2023.03.16	02:00:00	1.05816	1.05982	1.05731	1.05897	5603	0	0
2023.03.16	03:00:00	1.05895	1.05991	1.05860	1.05938	6061	0	0
2023.03.16	04:00:00	1.05938	1.05968	1.05874	1.05924	3909	0	0
2023.03.16	05:00:00	1.05923	1.05988	1.05900	1.05987	2707	0	0
2023.03.16	06:00:00	1.05988	1.06032	1.05975	1.06026	2275	0	0
2023.03.16	07:00:00	1.06026	1.06155	1.05984	1.06072	2651	0	0
2023.03.16	08:00:00	1.06073	1.06082	1.05993	1.06057	2876	0	0
2023.03.16	09:00:00	1.06056	1.06282	1.05928	1.06248	7097	0	0
2023.03.16	10:00:00	1.06251	1.06357	1.06123	1.06125	9091	0	0
2023.03.16	11:00:00	1.06123	1.06203	1.06047	1.06174	6682	0	0
2023.03.16	12:00:00	1.06173	1.06210	1.06002	1.06162	4816	0	0
2023.03.16	13:00:00	1.06162	1.06170	1.06048	1.06131	5085	0	0
2023.03.16	14:00:00	1.06132	1.06203	1.05754	1.05878	10619	0	0
2023.03.16	15:00:00	1.05878	1.06213	1.05507	1.06066	16796	0	0
2023.03.16	16:00:00	1.06073	1.06082	1.05729	1.06003	14356	0	0
2023.03.16	17:00:00	1.06004	1.06268	1.05862	1.06214	13139	0	0
2023.03.16	18:00:00	1.06213	1.06252	1.06074	1.06187	8900	0	0
2023.03.16	19:00:00	1.06187	1.06206	1.05916	1.05922	6672	0	0
2023.03.16	20:00:00	1.05922	1.06205	1.05917	1.06123	4940	0	0
2023.03.16	21:00:00	1.06123	1.06197	1.06110	1.06149	4540	0	0
2023.03.16	22:00:00	1.06149	1.06171	1.06105	1.06160	1167	0	0
2023.03.16	23:00:00	1.06128	1.06154	1.06033	1.06115	849	0	1
2023.03.17	00:00:00	1.06115	1.06156	1.06081	1.06121	2784	0	2
2023.03.17	01:00:00	1.06121	1.06172	1.06116	1.06136	2251	0	1
2023.03.17	02:00:00	1.06135	1.06203	1.06115	1.06182	2757	0	0
2023.03.17	03:00:00	1.06182	1.06319	1.06142	1.06260	3576	0	0
2023.03.17	04:00:00	1.06260	1.06387	1.06257	1.06337	2655	0	0
2023.03.17	05:00:00	1.06337	1.06448	1.06315	1.06402	2656	0	0
2023.03.17	06:00:00	1.06401	1.06493	1.06389	1.06492	2117	0	0
2023.03.17	07:00:00	1.06492	1.06507	1.06443	1.06487	2293	0	0
2023.03.17	08:00:00	1.06487	1.06631	1.06444	1.06628	2892	0	0
2023.03.17	09:00:00	1.06628	1.06694	1.06581	1.06626	5015	0	0
2023.03.17	10:00:00	1.06627	1.06701	1.06515	1.06523	6663	0	0
2023.03.17	11:00:00	1.06523	1.06599	1.06403	1.06470	4458	0	0
2023.03.17	12:00:00	1.06468	1.06470	1.06252	1.06333	4162	0	0
2023.03.17	13:00:00	1.06333	1.06402	1.06156	1.06297	5364	0	0
2023.03.17	14:00:00	1.06297	1.06336	1.06122	1.06260	6540	0	0
2023.03.17	15:00:00	1.06262	1.06343	1.06172	1.06256	7009	0	0
2023.03.17	16:00:00	1.06256	1.06444	1.06248	1.06337	9327	0	0
2023.03.17	17:00:00	1.06337	1.06482	1.06299	1.06465	7143	0	0
2023.03.17	18:00:00	1.06463	1.06759	1.06424	1.06675	5715	0	0
2023.03.17	19:00:00	1.06675	1.06751	1.06635	1.06729	4144	0	0
2023.03.17	20:00:00	1.06729	1.06854	1.06667	1.06808	4593	0	0
2023.03.17	21:00:00	1.06808	1.06830	1.06610	1.06614	3747	0	0
2023.03.17	22:00:00	1.06614	1.06655	1.06586	1.06653	1251	0	0
2023.03.20	00:00:00	1.06830	1.06875	1.06653	1.06698	3073	0	1
2023.03.20	01:00:00	1.06699	1.06825	1.06670	1.06807	2261	0	1
2023.03.20	02:00:00	1.06806	1.06884	1.06789	1.06808	4042	0	0
2023.03.20	03:00:00	1.06808	1.06899	1.06691	1.06748	4428	0	0
2023.03.20	04:00:00	1.06750	1.06845	1.06738	1.06796	2942	0	0
2023.03.20	05:00:00	1.06796	1.06797	1.06644	1.06691	3597	0	0
2023.03.20	06:00:00	1.06691	1.06744	1.06656	1.06697	2246	0	0
2023.03.20	07:00:00	1.06695	1.06810	1.06684	1.06794	2255	0	0
2023.03.20	08:00:00	1.06794	1.06811	1.06589	1.06612	6692	0	0
2023.03.20	09:00:00	1.06611	1.06709	1.06416	1.06555	10645	0	0
2023.03.20	10:00:00	1.06556	1.06688	1.06313	1.06613	10137	0	0
2023.03.20	11:00:00	1.06614	1.06780	1.06497	1.06745	8219	0	0
2023.03.20	12:00:00	1.06745	1.06995	1.06709	1.06962	6235	0	0
2023.03.20	13:00:00	1.06960	1.07087	1.06887	1.07070	4647	0	0
2023.03.20	14:00:00	1.07071	1.07177	1.07017	1.07052	5925	0	0
2023.03.20	15:00:00	1.07051	1.07309	1.07028	1.07238	6926	0	0
2023.03.20	16:00:00	1.07238	1.07296	1.07126	1.07269	5624	0	0
2023.03.20	17:00:00	1.07269	1.07269	1.07116	1.07212	4851	0	0
2023.03.20	18:00:00	1.07212	1.07255	1.07069	1.07254	5132	0	0
2023.03.20	19:00:00	1.07257	1.07284	1.07155	1.07161	2607	0	0
2023.03.20	20:00:00	1.07161	1.07258	1.07142	1.07243	2795	0	0
2023.03.20	21:00:00	1.07244	1.07258	1.07191	1.07231	2420	0	0
2023.03.20	22:00:00	1.07231	1.07241	1.07204	1.07232	988	0	0
2023.03.20	23:00:00	1.07231	1.07231	1.07159	1.07177	4257	0	9
2023.03.21	00:00:00	1.07177	1.07241	1.07173	1.07225	3458	0	2
2023.03.21	01:00:00	1.07225	1.07243	1.07155	1.07185	1502	0	1
2023.03.21	02:00:00	1.07186	1.07259	1.07153	1.07175	2969	0	0
2023.03.21	03:00:00	1.07175	1.07208	1.07151	1.07169	2519	0	0
2023.03.21	04:00:00	1.07169	1.07224	1.07161	1.07221	1852	0	0
2023.03.21	05:00:00	1.07221	1.07221	1.07141	1.07159	1400	0	0
2023.03.21	06:00:00	1.07159	1.07159	1.07097	1.07122	1123	0	0
2023.03.21	07:00:00	1.07124	1.07158	1.07104	1.07157	1159	0	0
2023.03.21	08:00:00	1.07158	1.07177	1.07041	1.07075	2252	0	0
2023.03.21	09:00:00	1.07074	1.07221	1.07061	1.07190	4730	0	0
2023.03.21	10:00:00	1.07191	1.07388	1.07162	1.07300	6703	0	0
2023.03.21	11:00:00	1.07296	1.07496	1.07248	1.07462	4047	0	0
2023.03.21	12:00:00	1.07462	1.07646	1.07401	1.07632	4423	0	0
2023.03.21	13:00:00	1.07632	1.07846	1.07614	1.07786	4371	0	0
2023.03.21	14:00:00	1.07787	1.07827	1.07740	1.07813	4533	0	0
2023.03.21	15:00:00	1.07813	1.07886	1.07727	1.07769	4644	0	0
2023.03.21	16:00:00	1.07769	1.07800	1.07608	1.07743	6053	0	0
2023.03.21	17:00:00	1.07744	1.07830	1.07656	1.07688	5063	0	0
2023.03.21	18:00:00	1.07688	1.07784	1.07621	1.07677	4161	0	0
2023.03.21	19:00:00	1.07679	1.07722	1.07611	1.07643	3095	0	0
2023.03.21	20:00:00	1.07645	1.07669	1.07563	1.07648	2114	0	0
2023.03.21	21:00:00	1.07648	1.07742	1.07626	1.07695	1810	0	0
2023.03.21	22:00:00	1.07695	1.07721	1.07655	1.07693	822	0	0
2023.03.21	23:00:00	1.07689	1.07698	1.07628	1.07667	474	0	8
2023.03.22	00:00:00	1.07667	1.07700	1.07667	1.07698	1362	0	2
2023.03.22	01:00:00	1.07698	1.07739	1.07687	1.07727	1640	0	1
2023.03.22	02:00:00	1.07726	1.07761	1.07659	1.07679	2093	0	0
2023.03.22	03:00:00	1.07679	1.07769	1.07668	1.07726	3027	0	0
2023.03.22	04:00:00	1.07727	1.07753	1.07653	1.07692	2300	0	0
2023.03.22	05:00:00	1.07692	1.07724	1.07660	1.07700	2062	0	0
2023.03.22	06:00:00	1.07699	1.07720	1.07680	1.07688	1169	0	0
2023.03.22	07:00:00	1.07688	1.07751	1.07672	1.07726	1330	0	0
2023.03.22	08:00:00	1.07725	1.07744	1.07639	1.07668	2191	0	0
2023.03.22	09:00:00	1.07667	1.07719	1.07592	1.07657	4394	0	0
2023.03.22	10:00:00	1.07657	1.07830	1.07651	1.07802	5436	0	0
2023.03.22	11:00:00	1.07804	1.07931	1.07758	1.07867	4254	0	0
2023.03.22	12:00:00	1.07867	1.07948	1.07797	1.07924	3841	0	0
2023.03.22	13:00:00	1.07923	1.07981	1.07883	1.07972	3136	0	0
2023.03.22	14:00:00	1.07972	1.08003	1.07791	1.07819	3996	0	0
2023.03.22	15:00:00	1.07819	1.07895	1.07760	1.07815	3807	0	0
2023.03.22	16:00:00	1.07815	1.07985	1.07758	1.07953	3976	0	0
2023.03.22	17:00:00	1.07953	1.07958	1.07835	1.07913	3782	0	0
2023.03.22	18:00:00	1.07913	1.08005	1.07885	1.07989	2867	0	0
2023.03.22	19:00:00	1.07989	1.07998	1.07899	1.07935	2895	0	0
2023.03.22	20:00:00	1.07939	1.09125	1.07930	1.08808	18566	0	0
2023.03.22	21:00:00	1.08807	1.08929	1.08525	1.08656	13771	0	0
2023.03.22	22:00:00	1.08654	1.08656	1.08547	1.08593	2070	0	0
2023.03.22	23:00:00	1.08541	1.08594	1.08508	1.08574	479	0	8
2023.03.23	00:00:00	1.08574	1.08644	1.08569	1.08579	1561	0	2
2023.03.23	01:00:00	1.08579	1.08718	1.08579	1.08689	1902	0	1
2023.03.23	02:00:00	1.08692	1.08837	1.08685	1.08835	3182	0	0
2023.03.23	03:00:00	1.08835	1.08883	1.08791	1.08863	2790	0	0
2023.03.23	04:00:00	1.08863	1.08990	1.08822	1.08956	3044	0	0
2023.03.23	05:00:00	1.08957	1.09056	1.08931	1.09009	2923	0	0
2023.03.23	06:00:00	1.09008	1.09043	1.08949	1.09037	2085	0	0
2023.03.23	07:00:00	1.09037	1.09114	1.09021	1.09047	2913	0	0
2023.03.23	08:00:00	1.09047	1.09299	1.09035	1.09152	4001	0	0
2023.03.23	09:00:00	1.09153	1.09269	1.09004	1.09062	6106	0	0
2023.03.23	10:00:00	1.09063	1.09105	1.08913	1.08998	6983	0	0
2023.03.23	11:00:00	1.08998	1.09038	1.08807	1.08858	5537	0	0
2023.03.23	12:00:00	1.08858	1.08859	1.08669	1.08772	4136	0	0
2023.03.23	13:00:00	1.08772	1.08805	1.08698	1.08759	3752	0	0
2023.03.23	14:00:00	1.08758	1.08939	1.08697	1.08734	7021	0	0
2023.03.23	15:00:00	1.08734	1.08931	1.08730	1.08870	5799	0	0
2023.03.23	16:00:00	1.08871	1.08952	1.08807	1.08914	5454	0	0
2023.03.23	17:00:00	1.08914	1.09079	1.08836	1.08900	5321	0	0
2023.03.23	18:00:00	1.08899	1.08988	1.08835	1.08956	4869	0	0
2023.03.23	19:00:00	1.08956	1.08956	1.08642	1.08688	3776	0	0
2023.03.23	20:00:00	1.08688	1.08768	1.08278	1.08418	5274	0	0
2023.03.23	21:00:00	1.08420	1.08534	1.08242	1.08401	8951	0	0
2023.03.23	22:00:00	1.08400	1.08409	1.08310	1.08323	1686	0	0
2023.03.23	23:00:00	1.08316	1.08349	1.08292	1.08320	1518	0	9
2023.03.24	00:00:00	1.08320	1.08384	1.08270	1.08314	1403	0	1
2023.03.24	01:00:00	1.08314	1.08358	1.08312	1.08346	1689	0	1
2023.03.24	02:00:00	1.08347	1.08349	1.08246	1.08326	2900	0	0
2023.03.24	03:00:00	1.08326	1.08351	1.08205	1.08250	4943	0	0
2023.03.24	04:00:00	1.08250	1.08283	1.08199	1.08206	3389	0	0
2023.03.24	05:00:00	1.08206	1.08287	1.08173	1.08287	2044	0	0
2023.03.24	06:00:00	1.08287	1.08343	1.08232	1.08343	2337	0	0
2023.03.24	07:00:00	1.08342	1.08372	1.08309	1.08336	2572	0	0
2023.03.24	08:00:00	1.08336	1.08354	1.08246	1.08248	2542	0	0
2023.03.24	09:00:00	1.08248	1.08352	1.08229	1.08282	3909	0	0
2023.03.24	10:00:00	1.08281	1.08311	1.07680	1.07802	10681	0	0
2023.03.24	11:00:00	1.07802	1.07909	1.07215	1.07258	9016	0	0
2023.03.24	12:00:00	1.07258	1.07426	1.07214	1.07278	9769	0	0
2023.03.24	13:00:00	1.07279	1.07483	1.07124	1.07384	6256	0	0
2023.03.24	14:00:00	1.07383	1.07523	1.07231	1.07494	7601	0	0
2023.03.24	15:00:00	1.07496	1.07658	1.07413	1.07570	8425	0	0
2023.03.24	16:00:00	1.07573	1.07676	1.07494	1.07500	7165	0	0
2023.03.24	17:00:00	1.07500	1.07639	1.07416	1.07611	6525	0	0
2023.03.24	18:00:00	1.07611	1.07673	1.07514	1.07574	4774	0	0
2023.03.24	19:00:00	1.07574	1.07677	1.07553	1.07616	3492	0	0
2023.03.24	20:00:00	1.07616	1.07628	1.07541	1.07606	2631	0	0
2023.03.24	21:00:00	1.07607	1.07665	1.07576	1.07590	1999	0	0
2023.03.24	22:00:00	1.07589	1.07628	1.07589	1.07601	1150	0	0
2023.03.27	00:00:00	1.07706	1.07737	1.07644	1.07644	243	0	7
2023.03.27	01:00:00	1.07651	1.07798	1.07649	1.07776	2838	0	2
2023.03.27	02:00:00	1.07777	1.07787	1.07709	1.07778	2073	0	0
2023.03.27	03:00:00	1.07776	1.07776	1.07609	1.07610	2921	0	0
2023.03.27	04:00:00	1.07610	1.07671	1.07576	1.07615	3519	0	0
2023.03.27	05:00:00	1.07616	1.07703	1.07615	1.07698	2007	0	0
2023.03.27	06:00:00	1.07696	1.07749	1.07685	1.07715	2243	0	0
2023.03.27	07:00:00	1.07715	1.07726	1.07641	1.07679	1639	0	0
2023.03.27	08:00:00	1.07679	1.07709	1.07636	1.07654	2703	0	0
2023.03.27	09:00:00	1.07654	1.07666	1.07513	1.07635	4416	0	0
2023.03.27	10:00:00	1.07635	1.07822	1.07451	1.07515	6095	0	0
2023.03.27	11:00:00	1.07514	1.07727	1.07503	1.07667	4983	0	0
2023.03.27	12:00:00	1.07666	1.07695	1.07566	1.07662	3686	0	0
2023.03.27	13:00:00	1.07661	1.07696	1.07616	1.07678	3372	0	0
2023.03.27	14:00:00	1.07678	1.07809	1.07670	1.07718	3539	0	0
2023.03.27	15:00:00	1.07718	1.07804	1.07680	1.07731	4524	0	0
2023.03.27	16:00:00	1.07732	1.07948	1.07702	1.07843	5650	0	0
2023.03.27	17:00:00	1.07843	1.07919	1.07757	1.07816	4920	0	0
2023.03.27	18:00:00	1.07816	1.07900	1.07776	1.07879	3169	0	0
2023.03.27	19:00:00	1.07880	1.07949	1.07864	1.07911	2560	0	0
2023.03.27	20:00:00	1.07911	1.07958	1.07862	1.07940	2478	0	0
2023.03.27	21:00:00	1.07941	1.07967	1.07892	1.07957	1947	0	0
2023.03.27	22:00:00	1.07957	1.07989	1.07922	1.07973	1550	0	0
2023.03.27	23:00:00	1.07973	1.08001	1.07962	1.07977	607	0	0
2023.03.28	00:00:00	1.07974	1.07974	1.07934	1.07964	215	0	11
2023.03.28	01:00:00	1.07959	1.08009	1.07959	1.07990	840	0	1
2023.03.28	02:00:00	1.07990	1.08078	1.07986	1.08063	1304	0	0
2023.03.28	03:00:00	1.08063	1.08179	1.08035	1.08157	2354	0	0
2023.03.28	04:00:00	1.08157	1.08194	1.08104	1.08150	2807	0	0
2023.03.28	05:00:00	1.08149	1.08178	1.08108	1.08139	2103	0	0
2023.03.28	06:00:00	1.08139	1.08179	1.08121	1.08151	1897	0	0
2023.03.28	07:00:00	1.08151	1.08153	1.08100	1.08123	1766	0	0
2023.03.28	08:00:00	1.08122	1.08163	1.08063	1.08103	2092	0	0
2023.03.28	09:00:00	1.08103	1.08190	1.08080	1.08082	3814	0	0
2023.03.28	10:00:00	1.08083	1.08342	1.08083	1.08205	5034	0	0
2023.03.28	11:00:00	1.08206	1.08241	1.08116	1.08123	4094	0	0
2023.03.28	12:00:00	1.08123	1.08230	1.08102	1.08165	3172	0	0
2023.03.28	13:00:00	1.08164	1.08295	1.08145	1.08226	3081	0	0
2023.03.28	14:00:00	1.08226	1.08367	1.08206	1.08314	3338	0	0
2023.03.28	15:00:00	1.08314	1.08469	1.08301	1.08395	5180	0	0
2023.03.28	16:00:00	1.08395	1.08395	1.08223	1.08243	4875	0	0
2023.03.28	17:00:00	1.08246	1.08412	1.08165	1.08321	5629	0	0
2023.03.28	18:00:00	1.08321	1.08461	1.08311	1.08428	3755	0	0
2023.03.28	19:00:00	1.08429	1.08442	1.08315	1.08420	2493	0	0
2023.03.28	20:00:00	1.08423	1.08443	1.08367	1.08377	1830	0	0
2023.03.28	21:00:00	1.08376	1.08439	1.08357	1.08433	1792	0	0
2023.03.28	22:00:00	1.08432	1.08486	1.08414	1.08479	1339	0	0
2023.03.28	23:00:00	1.08472	1.08475	1.08434	1.08444	608	0	0
2023.03.29	00:00:00	1.08454	1.08454	1.08382	1.08392	2388	0	10
2023.03.29	01:00:00	1.08386	1.08447	1.08385	1.08412	669	0	2
2023.03.29	02:00:00	1.08414	1.08416	1.08362	1.08388	880	0	0
2023.03.29	03:00:00	1.08391	1.08476	1.08391	1.08471	2783	0	0
2023.03.29	04:00:00	1.08472	1.08495	1.08395	1.08449	2453	0	0
2023.03.29	05:00:00	1.08449	1.08462	1.08367	1.08377	1722	0	0
2023.03.29	06:00:00	1.08379	1.08391	1.08346	1.08364	1467	0	0
2023.03.29	07:00:00	1.08364	1.08439	1.08338	1.08375	1907	0	0
2023.03.29	08:00:00	1.08383	1.08409	1.08317	1.08321	2207	0	0
2023.03.29	09:00:00	1.08320	1.08344	1.08228	1.08229	3533	0	0
2023.03.29	10:00:00	1.08227	1.08375	1.08178	1.08368	3485	0	0
2023.03.29	11:00:00	1.08362	1.08397	1.08267	1.08329	3854	0	0
2023.03.29	12:00:00	1.08329	1.08627	1.08323	1.08599	3762	0	0
2023.03.29	13:00:00	1.08599	1.08627	1.08509	1.08575	3054	0	0
2023.03.29	14:00:00	1.08574	1.08717	1.08525	1.08551	3717	0	0
2023.03.29	15:00:00	1.08552	1.08602	1.08390	1.08537	4940	0	0
2023.03.29	16:00:00	1.08537	1.08585	1.08327	1.08469	5206	0	0
2023.03.29	17:00:00	1.08468	1.08528	1.08256	1.08312	6490	0	0
2023.03.29	18:00:00	1.08310	1.08437	1.08247	1.08251	5031	0	0
2023.03.29	19:00:00	1.08251	1.08355	1.08236	1.08278	2635	0	0
2023.03.29	20:00:00	1.08278	1.08483	1.08259	1.08465	2328	0	0
2023.03.29	21:00:00	1.08465	1.08473	1.08371	1.08445	2078	0	0
2023.03.29	22:00:00	1.08442	1.08470	1.08392	1.08395	2506	0	0
2023.03.29	23:00:00	1.08395	1.08446	1.08384	1.08444	667	0	0
2023.03.30	00:00:00	1.08432	1.08436	1.08382	1.08396	3373	0	16
2023.03.30	01:00:00	1.08393	1.08483	1.08391	1.08441	1044	0	1
2023.03.30	02:00:00	1.08444	1.08459	1.08398	1.08427	1146	0	0
2023.03.30	03:00:00	1.08429	1.08433	1.08355	1.08376	2037	0	0
2023.03.30	04:00:00	1.08376	1.08377	1.08285	1.08318	2424	0	0
2023.03.30	05:00:00	1.08316	1.08346	1.08273	1.08305	1439	0	0
2023.03.30	06:00:00	1.08305	1.08361	1.08264	1.08329	1375	0	0
2023.03.30	07:00:00	1.08329	1.08414	1.08321	1.08391	867	0	0
2023.03.30	08:00:00	1.08394	1.08467	1.08363	1.08417	2863	0	0
2023.03.30	09:00:00	1.08416	1.08505	1.08321	1.08463	4063	0	0
2023.03.30	10:00:00	1.08457	1.08579	1.08237	1.08550	5884	0	0
2023.03.30	11:00:00	1.08550	1.08794	1.08506	1.08732	4939	0	0
2023.03.30	12:00:00	1.08740	1.08762	1.08591	1.08606	3580	0	0
2023.03.30	13:00:00	1.08606	1.08848	1.08602	1.08788	3258	0	0
2023.03.30	14:00:00	1.08787	1.08813	1.08724	1.08790	2634	0	0
2023.03.30	15:00:00	1.08789	1.09111	1.08786	1.09103	5851	0	0
2023.03.30	16:00:00	1.09103	1.09263	1.09072	1.09171	6470	0	0
2023.03.30	17:00:00	1.09171	1.09210	1.09079	1.09127	5281	0	0
2023.03.30	18:00:00	1.09127	1.09134	1.08946	1.08982	3749	0	0
2023.03.30	19:00:00	1.08982	1.09067	1.08966	1.09050	2299	0	0
2023.03.30	20:00:00	1.09050	1.09056	1.08922	1.09000	2081	0	0
2023.03.30	21:00:00	1.09001	1.09061	1.08964	1.09054	1453	0	0
2023.03.30	22:00:00	1.09055	1.09079	1.09025	1.09068	1272	0	0
2023.03.30	23:00:00	1.09068	1.09074	1.09022	1.09050	635	0	0
2023.03.31	00:00:00	1.09044	1.09065	1.09036	1.09046	351	0	9
2023.03.31	01:00:00	1.09059	1.09060	1.09021	1.09023	735	0	1
2023.03.31	02:00:00	1.09022	1.09061	1.09016	1.09042	1185	0	0
2023.03.31	03:00:00	1.09043	1.09171	1.09039	1.09157	2717	0	0
2023.03.31	04:00:00	1.09156	1.09257	1.09077	1.09081	3236	0	0
2023.03.31	05:00:00	1.09081	1.09126	1.09039	1.09073	2224	0	0
2023.03.31	06:00:00	1.09071	1.09083	1.09012	1.09068	1356	0	0
2023.03.31	07:00:00	1.09067	1.09095	1.09023	1.09034	1007	0	0
2023.03.31	08:00:00	1.09034	1.09043	1.08948	1.08955	1664	0	0
2023.03.31	09:00:00	1.08953	1.09052	1.08881	1.09038	3161	0	0
2023.03.31	10:00:00	1.09040	1.09108	1.08802	1.08848	4622	0	0
2023.03.31	11:00:00	1.08847	1.08919	1.08730	1.08895	4983	0	0
2023.03.31	12:00:00	1.08893	1.08961	1.08754	1.08837	4839	0	0
2023.03.31	13:00:00	1.08838	1.08886	1.08676	1.08693	2816	0	0
2023.03.31	14:00:00	1.08693	1.08794	1.08642	1.08672	2708	0	0
2023.03.31	15:00:00	1.08673	1.08945	1.08673	1.08872	5462	0	0
2023.03.31	16:00:00	1.08873	1.08941	1.08773	1.08915	5525	0	0
2023.03.31	17:00:00	1.08917	1.09018	1.08576	1.08670	6608	0	0
2023.03.31	18:00:00	1.08670	1.08757	1.08589	1.08719	5085	0	0
2023.03.31	19:00:00	1.08719	1.08724	1.08588	1.08694	2918	0	0
2023.03.31	20:00:00	1.08694	1.08712	1.08483	1.08531	2196	0	0
2023.03.31	21:00:00	1.08531	1.08623	1.08518	1.08556	1959	0	0
2023.03.31	22:00:00	1.08554	1.08566	1.08431	1.08458	2551	0	0
2023.03.31	23:00:00	1.08459	1.08461	1.08363	1.08429	1385	0	0
2023.04.03	00:00:00	1.08398	1.08429	1.08368	1.08404	211	0	11
2023.04.03	01:00:00	1.08404	1.08409	1.08048	1.08190	2683	0	2
2023.04.03	02:00:00	1.08190	1.08230	1.08013	1.08023	2993	0	0
2023.04.03	03:00:00	1.08023	1.08147	1.07987	1.08138	3553	0	0
2023.04.03	04:00:00	1.08139	1.08169	1.08028	1.08075	3746	0	0
2023.04.03	05:00:00	1.08075	1.08080	1.07907	1.07937	2676	0	0
2023.04.03	06:00:00	1.07937	1.07979	1.07882	1.07900	2026	0	0
2023.04.03	07:00:00	1.07900	1.07959	1.07898	1.07931	1636	0	0
2023.04.03	08:00:00	1.07931	1.07958	1.07892	1.07954	2181	0	0
2023.04.03	09:00:00	1.07949	1.08163	1.07914	1.08149	4325	0	0
2023.04.03	10:00:00	1.08149	1.08420	1.08126	1.08391	4914	0	0
2023.04.03	11:00:00	1.08390	1.08498	1.08300	1.08429	3307	0	0
2023.04.03	12:00:00	1.08428	1.08544	1.08428	1.08510	3198	0	0
2023.04.03	13:00:00	1.08509	1.08722	1.08497	1.08704	3707	0	0
2023.04.03	14:00:00	1.08704	1.08779	1.08608	1.08768	4152	0	0
2023.04.03	15:00:00	1.08766	1.08766	1.08618	1.08651	4102	0	0
2023.04.03	16:00:00	1.08651	1.08968	1.08645	1.08845	5062	0	0
2023.04.03	17:00:00	1.08845	1.09167	1.08843	1.08871	9824	0	0
2023.04.03	18:00:00	1.08871	1.08940	1.08784	1.08904	4256	0	0
2023.04.03	19:00:00	1.08903	1.08939	1.08840	1.08887	2402	0	0
2023.04.03	20:00:00	1.08887	1.08888	1.08801	1.08871	2415	0	0
2023.04.03	21:00:00	1.08871	1.09008	1.08861	1.08967	2307	0	0
2023.04.03	22:00:00	1.08967	1.09074	1.08948	1.09063	1784	0	0
2023.04.03	23:00:00	1.09062	1.09082	1.09019	1.09031	911	0	0
2023.04.04	00:00:00	1.09015	1.09049	1.08995	1.09001	391	0	12
2023.04.04	01:00:00	1.08998	1.09057	1.08998	1.09036	866	0	1
2023.04.04	02:00:00	1.09038	1.09094	1.09036	1.09066	1084	0	0
2023.04.04	03:00:00	1.09067	1.09099	1.08990	1.09010	2609	0	0
2023.04.04	04:00:00	1.09010	1.09015	1.08903	1.08932	2179	0	0
2023.04.04	05:00:00	1.08930	1.08957	1.08884	1.08908	2001	0	0
2023.04.04	06:00:00	1.08909	1.08925	1.08887	1.08888	1440	0	0
2023.04.04	07:00:00	1.08887	1.08988	1.08879	1.08945	2336	0	0
2023.04.04	08:00:00	1.08945	1.08957	1.08830	1.08857	1692	0	0
2023.04.04	09:00:00	1.08853	1.09084	1.08849	1.09073	3515	0	0
2023.04.04	10:00:00	1.09075	1.09384	1.09022	1.09252	5296	0	0
2023.04.04	11:00:00	1.09253	1.09259	1.09137	1.09171	4271	0	0
2023.04.04	12:00:00	1.09172	1.09361	1.09160	1.09313	4490	0	0
2023.04.04	13:00:00	1.09316	1.09355	1.09163	1.09209	3410	0	0
2023.04.04	14:00:00	1.09209	1.09209	1.08959	1.08976	3324	0	0
2023.04.04	15:00:00	1.08976	1.09095	1.08869	1.08913	4194	0	0
2023.04.04	16:00:00	1.08912	1.09112	1.08885	1.09037	4625	0	0
2023.04.04	17:00:00	1.09037	1.09733	1.09036	1.09696	11451	0	0
2023.04.04	18:00:00	1.09694	1.09703	1.09491	1.09506	5600	0	0
2023.04.04	19:00:00	1.09508	1.09541	1.09432	1.09463	3105	0	0
2023.04.04	20:00:00	1.09463	1.09508	1.09437	1.09484	1748	0	0
2023.04.04	21:00:00	1.09484	1.09538	1.09441	1.09534	1467	0	0
2023.04.04	22:00:00	1.09535	1.09578	1.09511	1.09574	1678	0	0
2023.04.04	23:00:00	1.09574	1.09581	1.09542	1.09560	613	0	0
2023.04.05	00:00:00	1.09547	1.09559	1.09443	1.09544	377	0	9
2023.04.05	01:00:00	1.09543	1.09599	1.09532	1.09571	1483	0	1
2023.04.05	02:00:00	1.09572	1.09615	1.09564	1.09576	1101	0	0
2023.04.05	03:00:00	1.09575	1.09696	1.09568	1.09606	2193	0	0
2023.04.05	04:00:00	1.09605	1.09635	1.09564	1.09574	1289	0	0
2023.04.05	05:00:00	1.09578	1.09643	1.09568	1.09609	2829	0	0
2023.04.05	06:00:00	1.09609	1.09628	1.09554	1.09597	1712	0	0
2023.04.05	07:00:00	1.09597	1.09598	1.09537	1.09550	1414	0	0
2023.04.05	08:00:00	1.09550	1.09589	1.09513	1.09579	1548	0	0
2023.04.05	09:00:00	1.09578	1.09596	1.09467	1.09485	3245	0	0
2023.04.05	10:00:00	1.09484	1.09682	1.09476	1.09504	3912	0	0
2023.04.05	11:00:00	1.09504	1.09548	1.09409	1.09513	3942	0	0
2023.04.05	12:00:00	1.09514	1.09603	1.09440	1.09522	3283	0	0
2023.04.05	13:00:00	1.09521	1.09536	1.09413	1.09458	2584	0	0
2023.04.05	14:00:00	1.09461	1.09471	1.09350	1.09412	2866	0	0
2023.04.05	15:00:00	1.09410	1.09631	1.09376	1.09579	6907	0	0
2023.04.05	16:00:00	1.09578	1.09601	1.09388	1.09401	5522	0	0
2023.04.05	17:00:00	1.09405	1.09668	1.09027	1.09098	10088	0	0
2023.04.05	18:00:00	1.09098	1.09235	1.09056	1.09174	4375	0	0
2023.04.05	19:00:00	1.09175	1.09199	1.08962	1.08968	2498	0	0
2023.04.05	20:00:00	1.08969	1.09006	1.08911	1.09006	2114	0	0
2023.04.05	21:00:00	1.09007	1.09095	1.08995	1.09091	1410	0	0
2023.04.05	22:00:00	1.09090	1.09098	1.09020	1.09038	1277	0	0
2023.04.05	23:00:00	1.09041	1.09061	1.09011	1.09056	593	0	0
2023.04.06	00:00:00	1.09063	1.09068	1.08966	1.09059	1973	0	9
2023.04.06	01:00:00	1.09059	1.09102	1.09056	1.09099	1072	0	1
2023.04.06	02:00:00	1.09098	1.09099	1.09030	1.09030	1118	0	0
2023.04.06	03:00:00	1.09031	1.09046	1.08930	1.08939	1529	0	0
2023.04.06	04:00:00	1.08939	1.08941	1.08846	1.08922	2137	0	0
2023.04.06	05:00:00	1.08923	1.08934	1.08854	1.08866	1146	0	0
2023.04.06	06:00:00	1.08867	1.08924	1.08861	1.08919	1005	0	0
2023.04.06	07:00:00	1.08920	1.08960	1.08898	1.08928	804	0	0
2023.04.06	08:00:00	1.08928	1.08960	1.08897	1.08948	1718	0	0
2023.04.06	09:00:00	1.08948	1.09067	1.08935	1.09022	2754	0	0
2023.04.06	10:00:00	1.09022	1.09173	1.09012	1.09069	4192	0	0
2023.04.06	11:00:00	1.09069	1.09102	1.08934	1.08995	3689	0	0
2023.04.06	12:00:00	1.08994	1.09102	1.08924	1.09087	2684	0	0
2023.04.06	13:00:00	1.09088	1.09088	1.08979	1.09000	2365	0	0
2023.04.06	14:00:00	1.09000	1.09168	1.08998	1.09153	2022	0	0
2023.04.06	15:00:00	1.09152	1.09190	1.08897	1.08922	5519	0	0
2023.04.06	16:00:00	1.08922	1.08999	1.08860	1.08968	4850	0	0
2023.04.06	17:00:00	1.08968	1.09239	1.08927	1.09232	5365	0	0
2023.04.06	18:00:00	1.09232	1.09284	1.09196	1.09261	3480	0	0
2023.04.06	19:00:00	1.09261	1.09377	1.09261	1.09343	1865	0	0
2023.04.06	20:00:00	1.09343	1.09362	1.09293	1.09339	1406	0	0
2023.04.06	21:00:00	1.09339	1.09350	1.09295	1.09312	1308	0	0
2023.04.06	22:00:00	1.09313	1.09313	1.09215	1.09232	1134	0	0
2023.04.06	23:00:00	1.09229	1.09234	1.09163	1.09192	701	0	0
2023.04.07	00:00:00	1.09198	1.09205	1.09161	1.09172	256	0	9
2023.04.07	01:00:00	1.09180	1.09197	1.09152	1.09168	877	0	2
2023.04.07	02:00:00	1.09168	1.09206	1.09159	1.09194	549	0	0
2023.04.07	03:00:00	1.09194	1.09240	1.09141	1.09155	940	0	0
2023.04.07	04:00:00	1.09155	1.09199	1.09146	1.09177	901	0	0
2023.04.07	05:00:00	1.09178	1.09216	1.09171	1.09204	632	0	0
2023.04.07	06:00:00	1.09204	1.09211	1.09187	1.09196	645	0	0
2023.04.07	07:00:00	1.09195	1.09208	1.09147	1.09147	558	0	0
2023.04.07	08:00:00	1.09148	1.09190	1.09146	1.09172	607	0	0
2023.04.07	09:00:00	1.09172	1.09194	1.09115	1.09182	1089	0	0
2023.04.07	10:00:00	1.09183	1.09197	1.09141	1.09155	857	0	0
2023.04.07	11:00:00	1.09155	1.09178	1.09132	1.09156	645	0	0
2023.04.07	12:00:00	1.09156	1.09159	1.09114	1.09137	857	0	0
2023.04.07	13:00:00	1.09136	1.09218	1.09105	1.09217	710	0	0
2023.04.07	14:00:00	1.09217	1.09217	1.09141	1.09175	766	0	0
2023.04.07	15:00:00	1.09175	1.09177	1.08757	1.09036	5079	0	0
2023.04.07	16:00:00	1.09035	1.09081	1.08934	1.08985	2266	0	0
2023.04.07	17:00:00	1.08989	1.09150	1.08987	1.09149	1590	0	0
2023.04.07	18:00:00	1.09150	1.09156	1.09057	1.09121	936	0	0
2023.04.07	19:00:00	1.09120	1.09130	1.09088	1.09100	796	0	0
2023.04.07	20:00:00	1.09094	1.09104	1.09079	1.09081	399	0	0
2023.04.07	21:00:00	1.09082	1.09096	1.09031	1.09074	1044	0	0
2023.04.07	22:00:00	1.09075	1.09082	1.09002	1.09042	438	0	7
2023.04.07	23:00:00	1.09057	1.09096	1.08973	1.08984	279	0	7
2023.04.10	00:00:00	1.08953	1.09032	1.08953	1.08995	227	0	12
2023.04.10	01:00:00	1.08994	1.09114	1.08994	1.09088	1215	0	1
2023.04.10	02:00:00	1.09092	1.09135	1.09063	1.09130	961	0	0
2023.04.10	03:00:00	1.09134	1.09147	1.09034	1.09034	2312	0	0
2023.04.10	04:00:00	1.09035	1.09068	1.08974	1.09005	1991	0	0
2023.04.10	05:00:00	1.09005	1.09029	1.08983	1.08985	1351	0	0
2023.04.10	06:00:00	1.08985	1.09016	1.08967	1.08991	946	0	0
2023.04.10	07:00:00	1.08991	1.09008	1.08947	1.08964	1252	0	0
2023.04.10	08:00:00	1.08964	1.08998	1.08910	1.08994	1359	0	0
2023.04.10	09:00:00	1.08995	1.09055	1.08954	1.09050	1311	0	0
2023.04.10	10:00:00	1.09051	1.09170	1.09043	1.09168	1915	0	0
2023.04.10	11:00:00	1.09168	1.09173	1.09088	1.09120	1278	0	0
2023.04.10	12:00:00	1.09120	1.09167	1.09045	1.09062	1544	0	0
2023.04.10	13:00:00	1.09061	1.09111	1.09050	1.09062	1249	0	0
2023.04.10	14:00:00	1.09063	1.09084	1.08864	1.08890	2660	0	0
2023.04.10	15:00:00	1.08890	1.08916	1.08471	1.08489	5846	0	0
2023.04.10	16:00:00	1.08490	1.08574	1.08382	1.08383	4722	0	0
2023.04.10	17:00:00	1.08384	1.08441	1.08313	1.08384	3377	0	0
2023.04.10	18:00:00	1.08385	1.08478	1.08373	1.08392	2595	0	0
2023.04.10	19:00:00	1.08392	1.08524	1.08381	1.08477	1257	0	0
2023.04.10	20:00:00	1.08480	1.08573	1.08480	1.08558	1752	0	0
2023.04.10	21:00:00	1.08561	1.08596	1.08538	1.08592	1476	0	0
2023.04.10	22:00:00	1.08591	1.08632	1.08552	1.08630	1807	0	0
2023.04.10	23:00:00	1.08630	1.08632	1.08593	1.08613	648	0	0
2023.04.11	00:00:00	1.08599	1.08610	1.08458	1.08577	2828	0	16
2023.04.11	01:00:00	1.08576	1.08654	1.08576	1.08645	823	0	2
2023.04.11	02:00:00	1.08649	1.08701	1.08634	1.08687	625	0	0
2023.04.11	03:00:00	1.08688	1.08789	1.08687	1.08776	1995	0	0
2023.04.11	04:00:00	1.08777	1.08790	1.08670	1.08784	2761	0	0
2023.04.11	05:00:00	1.08783	1.08854	1.08777	1.08826	2097	0	0
2023.04.11	06:00:00	1.08825	1.08878	1.08796	1.08816	1653	0	0
2023.04.11	07:00:00	1.08816	1.08859	1.08810	1.08826	1312	0	0
2023.04.11	08:00:00	1.08825	1.08946	1.08825	1.08944	2338	0	0
2023.04.11	09:00:00	1.08944	1.08976	1.08810	1.08842	3125	0	0
2023.04.11	10:00:00	1.08843	1.09046	1.08834	1.08956	4576	0	0
2023.04.11	11:00:00	1.08954	1.09103	1.08945	1.09070	3105	0	0
2023.04.11	12:00:00	1.09070	1.09200	1.09065	1.09130	3330	0	0
2023.04.11	13:00:00	1.09130	1.09268	1.09085	1.09229	2971	0	0
2023.04.11	14:00:00	1.09228	1.09242	1.09050	1.09050	3039	0	0
2023.04.11	15:00:00	1.09048	1.09182	1.09022	1.09121	3619	0	0
2023.04.11	16:00:00	1.09121	1.09243	1.09074	1.09214	4405	0	0
2023.04.11	17:00:00	1.09215	1.09282	1.09110	1.09112	3868	0	0
2023.04.11	18:00:00	1.09112	1.09162	1.09033	1.09047	2954	0	0
2023.04.11	19:00:00	1.09048	1.09069	1.08974	1.08989	2069	0	0
2023.04.11	20:00:00	1.08989	1.09108	1.08962	1.09105	1548	0	0
2023.04.11	21:00:00	1.09106	1.09119	1.09041	1.09075	1302	0	0
2023.04.11	22:00:00	1.09079	1.09170	1.09075	1.09142	1271	0	0
2023.04.11	23:00:00	1.09142	1.09157	1.09121	1.09131	455	0	0
2023.04.12	00:00:00	1.09122	1.09131	1.09060	1.09111	288	0	10
2023.04.12	01:00:00	1.09111	1.09175	1.09111	1.09166	654	0	1
2023.04.12	02:00:00	1.09166	1.09173	1.09144	1.09160	772	0	0
2023.04.12	03:00:00	1.09165	1.09277	1.09147	1.09253	1507	0	0
2023.04.12	04:00:00	1.09253	1.09288	1.09213	1.09261	2036	0	0
2023.04.12	05:00:00	1.09260	1.09274	1.09169	1.09190	1873	0	0
2023.04.12	06:00:00	1.09190	1.09255	1.09165	1.09243	1316	0	0
2023.04.12	07:00:00	1.09242	1.09287	1.09225	1.09256	911	0	0
2023.04.12	08:00:00	1.09256	1.09357	1.09253	1.09356	1064	0	0
2023.04.12	09:00:00	1.09357	1.09373	1.09161	1.09268	2935	0	0
2023.04.12	10:00:00	1.09267	1.09343	1.09195	1.09268	3668	0	0
2023.04.12	11:00:00	1.09266	1.09303	1.09180	1.09238	2842	0	0
2023.04.12	12:00:00	1.09235	1.09294	1.09207	1.09280	2120	0	0
2023.04.12	13:00:00	1.09280	1.09361	1.09246	1.09248	2075	0	0
2023.04.12	14:00:00	1.09248	1.09308	1.09211	1.09226	2291	0	0
2023.04.12	15:00:00	1.09225	1.09900	1.09197	1.09640	8622	0	0
2023.04.12	16:00:00	1.09641	1.09881	1.09583	1.09744	7188	0	0
2023.04.12	17:00:00	1.09748	1.10000	1.09724	1.09761	7336	0	0
2023.04.12	18:00:00	1.09761	1.09877	1.09701	1.09866	3831	0	0
2023.04.12	19:00:00	1.09867	1.09965	1.09851	1.09963	2020	0	0
2023.04.12	20:00:00	1.09962	1.09989	1.09926	1.09939	1661	0	0
2023.04.12	21:00:00	1.09938	1.10004	1.09894	1.09949	2564	0	0
2023.04.12	22:00:00	1.09948	1.09966	1.09867	1.09884	1797	0	0
2023.04.12	23:00:00	1.09890	1.09915	1.09864	1.09914	536	0	0
2023.04.13	00:00:00	1.09903	1.09907	1.09866	1.09906	197	0	24
2023.04.13	01:00:00	1.09906	1.09951	1.09892	1.09948	717	0	2
2023.04.13	02:00:00	1.09948	1.09995	1.09932	1.09965	826	0	0
2023.04.13	03:00:00	1.09966	1.10051	1.09879	1.10021	1891	0	0
2023.04.13	04:00:00	1.10022	1.10034	1.09942	1.09961	1836	0	0
2023.04.13	05:00:00	1.09960	1.09983	1.09925	1.09928	1287	0	0
2023.04.13	06:00:00	1.09928	1.09931	1.09838	1.09884	1237	0	0
2023.04.13	07:00:00	1.09883	1.09935	1.09882	1.09900	759	0	0
2023.04.13	08:00:00	1.09898	1.09908	1.09832	1.09839	1043	0	0
2023.04.13	09:00:00	1.09839	1.09915	1.09766	1.09813	2251	0	0
2023.04.13	10:00:00	1.09813	1.10008	1.09811	1.09994	3708	0	0
2023.04.13	11:00:00	1.09994	1.10252	1.09994	1.10148	4422	0	0
2023.04.13	12:00:00	1.10148	1.10318	1.10107	1.10232	3126	0	0
2023.04.13	13:00:00	1.10233	1.10268	1.10131	1.10142	2742	0	0
2023.04.13	14:00:00	1.10141	1.10186	1.10084	1.10102	2527	0	0
2023.04.13	15:00:00	1.10102	1.10537	1.10084	1.10489	7233	0	0
2023.04.13	16:00:00	1.10490	1.10678	1.10434	1.10646	6465	0	0
2023.04.13	17:00:00	1.10646	1.10659	1.10446	1.10471	5405	0	0
2023.04.13	18:00:00	1.10471	1.10617	1.10462	1.10530	3306	0	0
2023.04.13	19:00:00	1.10530	1.10571	1.10477	1.10557	2038	0	0
2023.04.13	20:00:00	1.10559	1.10599	1.10504	1.10526	1866	0	0
2023.04.13	21:00:00	1.10527	1.10529	1.10440	1.10485	1514	0	0
2023.04.13	22:00:00	1.10485	1.10497	1.10444	1.10467	1280	0	0
2023.04.13	23:00:00	1.10467	1.10488	1.10462	1.10473	593	0	0
2023.04.14	00:00:00	1.10462	1.10474	1.10436	1.10448	256	0	13
2023.04.14	01:00:00	1.10445	1.10490	1.10444	1.10478	564	0	2
2023.04.14	02:00:00	1.10478	1.10517	1.10477	1.10517	674	0	0
2023.04.14	03:00:00	1.10518	1.10590	1.10487	1.10545	2061	0	0
2023.04.14	04:00:00	1.10545	1.10637	1.10531	1.10636	1530	0	0
2023.04.14	05:00:00	1.10637	1.10752	1.10631	1.10703	1888	0	0
2023.04.14	06:00:00	1.10703	1.10734	1.10663	1.10702	1522	0	0
2023.04.14	07:00:00	1.10704	1.10728	1.10678	1.10691	1255	0	0
2023.04.14	08:00:00	1.10692	1.10748	1.10621	1.10744	1971	0	0
2023.04.14	09:00:00	1.10745	1.10759	1.10632	1.10670	2653	0	0
2023.04.14	10:00:00	1.10665	1.10715	1.10596	1.10655	2878	0	0
2023.04.14	11:00:00	1.10655	1.10662	1.10539	1.10591	2639	0	0
2023.04.14	12:00:00	1.10591	1.10643	1.10555	1.10626	2290	0	0
2023.04.14	13:00:00	1.10626	1.10668	1.10563	1.10587	2380	0	0
2023.04.14	14:00:00	1.10587	1.10587	1.10478	1.10540	3057	0	0
2023.04.14	15:00:00	1.10540	1.10740	1.10186	1.10347	9263	0	0
2023.04.14	16:00:00	1.10342	1.10365	1.10186	1.10305	6537	0	0
2023.04.14	17:00:00	1.10303	1.10303	1.09963	1.10062	9033	0	0
2023.04.14	18:00:00	1.10063	1.10095	1.09752	1.09789	5482	0	0
2023.04.14	19:00:00	1.09789	1.09853	1.09724	1.09778	3082	0	0
2023.04.14	20:00:00	1.09778	1.09902	1.09754	1.09872	2418	0	0
2023.04.14	21:00:00	1.09873	1.09990	1.09872	1.09989	1967	0	0
2023.04.14	22:00:00	1.09989	1.09993	1.09922	1.09967	1550	0	0
2023.04.14	23:00:00	1.09963	1.09976	1.09930	1.09946	806	0	0
2023.04.17	00:00:00	1.09886	1.09943	1.09879	1.09913	315	0	18
2023.04.17	01:00:00	1.09913	1.09936	1.09853	1.09869	1177	0	1
2023.04.17	02:00:00	1.09869	1.09905	1.09833	1.09844	887	0	0
2023.04.17	03:00:00	1.09844	1.09915	1.09727	1.09727	1563	0	0
2023.04.17	04:00:00	1.09731	1.09759	1.09617	1.09712	2431	0	0
2023.04.17	05:00:00	1.09712	1.09820	1.09710	1.09808	1965	0	0
2023.04.17	06:00:00	1.09808	1.09810	1.09761	1.09763	1187	0	0
2023.04.17	07:00:00	1.09763	1.09848	1.09758	1.09846	1146	0	0
2023.04.17	08:00:00	1.09846	1.09947	1.09841	1.09889	1377	0	0
2023.04.17	09:00:00	1.09887	1.09936	1.09835	1.09868	2804	0	0
2023.04.17	10:00:00	1.09868	1.09998	1.09865	1.09921	3359	0	0
2023.04.17	11:00:00	1.09920	1.09934	1.09642	1.09650	3788	0	0
2023.04.17	12:00:00	1.09650	1.09849	1.09648	1.09806	3157	0	0
2023.04.17	13:00:00	1.09808	1.09850	1.09725	1.09817	2480	0	0
2023.04.17	14:00:00	1.09817	1.09844	1.09724	1.09769	2799	0	0
2023.04.17	15:00:00	1.09770	1.09845	1.09516	1.09537	4920	0	0
2023.04.17	16:00:00	1.09537	1.09571	1.09299	1.09322	6086	0	0
2023.04.17	17:00:00	1.09322	1.09360	1.09093	1.09143	6316	0	0
2023.04.17	18:00:00	1.09142	1.09241	1.09122	1.09140	4002	0	0
2023.04.17	19:00:00	1.09143	1.09181	1.09106	1.09119	2396	0	0
2023.04.17	20:00:00	1.09119	1.09257	1.09118	1.09239	1804	0	0
2023.04.17	21:00:00	1.09238	1.09274	1.09192	1.09259	1391	0	0
2023.04.17	22:00:00	1.09259	1.09313	1.09252	1.09311	1350	0	0
2023.04.17	23:00:00	1.09307	1.09307	1.09260	1.09287	590	0	0
2023.04.18	00:00:00	1.09269	1.09269	1.09202	1.09254	286	0	12
2023.04.18	01:00:00	1.09254	1.09287	1.09235	1.09241	533	0	2
2023.04.18	02:00:00	1.09241	1.09265	1.09237	1.09245	571	0	0
2023.04.18	03:00:00	1.09245	1.09291	1.09223	1.09252	1479	0	0
2023.04.18	04:00:00	1.09252	1.09345	1.09234	1.09330	2068	0	0
2023.04.18	05:00:00	1.09336	1.09361	1.09280	1.09339	2110	0	0
2023.04.18	06:00:00	1.09339	1.09390	1.09330	1.09357	1571	0	0
2023.04.18	07:00:00	1.09357	1.09379	1.09339	1.09370	842	0	0
2023.04.18	08:00:00	1.09370	1.09438	1.09344	1.09423	1179	0	0
2023.04.18	09:00:00	1.09424	1.09526	1.09352	1.09492	3408	0	0
2023.04.18	10:00:00	1.09487	1.09709	1.09469	1.09704	4149	0	0
2023.04.18	11:00:00	1.09704	1.09829	1.09666	1.09812	3520	0	0
2023.04.18	12:00:00	1.09812	1.09830	1.09705	1.09749	3284	0	0
2023.04.18	13:00:00	1.09749	1.09800	1.09691	1.09777	2346	0	0
2023.04.18	14:00:00	1.09787	1.09787	1.09658	1.09664	3065	0	0
2023.04.18	15:00:00	1.09663	1.09782	1.09546	1.09558	4387	0	0
2023.04.18	16:00:00	1.09558	1.09650	1.09430	1.09578	5012	0	0
2023.04.18	17:00:00	1.09579	1.09712	1.09533	1.09623	5404	0	0
2023.04.18	18:00:00	1.09624	1.09665	1.09563	1.09573	3172	0	0
2023.04.18	19:00:00	1.09574	1.09704	1.09547	1.09703	2022	0	0
2023.04.18	20:00:00	1.09704	1.09713	1.09673	1.09684	1658	0	0
2023.04.18	21:00:00	1.09684	1.09744	1.09674	1.09713	1564	0	0
2023.04.18	22:00:00	1.09713	1.09749	1.09697	1.09710	1534	0	0
2023.04.18	23:00:00	1.09707	1.09735	1.09700	1.09723	597	0	0
2023.04.19	00:00:00	1.09728	1.09728	1.09635	1.09706	1546	0	13
2023.04.19	01:00:00	1.09707	1.09752	1.09704	1.09736	1346	0	2
2023.04.19	02:00:00	1.09737	1.09766	1.09731	1.09749	734	0	0
2023.04.19	03:00:00	1.09751	1.09829	1.09738	1.09827	1614	0	0
2023.04.19	04:00:00	1.09826	1.09840	1.09684	1.09695	2054	0	0
2023.04.19	05:00:00	1.09696	1.09740	1.09649	1.09739	1738	0	0
2023.04.19	06:00:00	1.09739	1.09754	1.09699	1.09742	1011	0	0
2023.04.19	07:00:00	1.09743	1.09746	1.09674	1.09686	761	0	0
2023.04.19	08:00:00	1.09686	1.09704	1.09602	1.09611	1406	0	0
2023.04.19	09:00:00	1.09608	1.09705	1.09465	1.09562	5598	0	0
2023.04.19	10:00:00	1.09563	1.09725	1.09562	1.09627	4427	0	0
2023.04.19	11:00:00	1.09627	1.09632	1.09486	1.09554	3989	0	0
2023.04.19	12:00:00	1.09552	1.09633	1.09261	1.09300	4636	0	0
2023.04.19	13:00:00	1.09302	1.09418	1.09272	1.09338	2888	0	0
2023.04.19	14:00:00	1.09338	1.09339	1.09174	1.09313	3472	0	0
2023.04.19	15:00:00	1.09312	1.09498	1.09274	1.09498	3871	0	0
2023.04.19	16:00:00	1.09498	1.09639	1.09474	1.09602	4452	0	0
2023.04.19	17:00:00	1.09602	1.09794	1.09571	1.09573	4900	0	0
2023.04.19	18:00:00	1.09574	1.09624	1.09512	1.09531	3286	0	0
2023.04.19	19:00:00	1.09531	1.09668	1.09519	1.09657	2309	0	0
2023.04.19	20:00:00	1.09658	1.09668	1.09543	1.09561	1915	0	0
2023.04.19	21:00:00	1.09563	1.09606	1.09518	1.09527	1942	0	0
2023.04.19	22:00:00	1.09527	1.09560	1.09518	1.09550	1297	0	0
2023.04.19	23:00:00	1.09549	1.09571	1.09516	1.09558	623	0	0
2023.04.20	00:00:00	1.09545	1.09580	1.09521	1.09556	727	0	10
2023.04.20	01:00:00	1.09556	1.09570	1.09513	1.09528	552	0	1
2023.04.20	02:00:00	1.09524	1.09531	1.09470	1.09516	664	0	0
2023.04.20	03:00:00	1.09517	1.09591	1.09508	1.09567	1488	0	0
2023.04.20	04:00:00	1.09566	1.09614	1.09495	1.09602	2081	0	0
2023.04.20	05:00:00	1.09599	1.09608	1.09523	1.09540	1543	0	0
2023.04.20	06:00:00	1.09539	1.09617	1.09531	1.09595	1194	0	0
2023.04.20	07:00:00	1.09595	1.09598	1.09553	1.09592	1030	0	0
2023.04.20	08:00:00	1.09592	1.09641	1.09553	1.09620	1189	0	0
2023.04.20	09:00:00	1.09620	1.09733	1.09601	1.09671	3058	0	0
2023.04.20	10:00:00	1.09671	1.09692	1.09500	1.09613	4525	0	0
2023.04.20	11:00:00	1.09613	1.09785	1.09562	1.09714	4278	0	0
2023.04.20	12:00:00	1.09715	1.09733	1.09564	1.09618	3160	0	0
2023.04.20	13:00:00	1.09618	1.09784	1.09576	1.09711	2539	0	0
2023.04.20	14:00:00	1.09711	1.09750	1.09538	1.09549	2916	0	0
2023.04.20	15:00:00	1.09549	1.09850	1.09335	1.09777	7370	0	0
2023.04.20	16:00:00	1.09776	1.09818	1.09646	1.09726	5639	0	0
2023.04.20	17:00:00	1.09726	1.09898	1.09712	1.09795	5495	0	0
2023.04.20	18:00:00	1.09796	1.09807	1.09656	1.09695	3534	0	0
2023.04.20	19:00:00	1.09696	1.09721	1.09634	1.09673	2383	0	0
2023.04.20	20:00:00	1.09673	1.09708	1.09638	1.09703	1593	0	0
2023.04.20	21:00:00	1.09703	1.09727	1.09587	1.09650	1937	0	0
2023.04.20	22:00:00	1.09650	1.09656	1.09564	1.09635	2091	0	0
2023.04.20	23:00:00	1.09635	1.09700	1.09632	1.09698	748	0	0
2023.04.21	00:00:00	1.09698	1.09707	1.09620	1.09682	437	0	13
2023.04.21	01:00:00	1.09687	1.09718	1.09669	1.09683	623	0	1
2023.04.21	02:00:00	1.09683	1.09700	1.09658	1.09676	720	0	0
2023.04.21	03:00:00	1.09676	1.09724	1.09618	1.09702	1335	0	0
2023.04.21	04:00:00	1.09702	1.09732	1.09651	1.09652	1420	0	0
2023.04.21	05:00:00	1.09652	1.09704	1.09633	1.09652	1402	0	0
2023.04.21	06:00:00	1.09652	1.09666	1.09631	1.09640	892	0	0
2023.04.21	07:00:00	1.09639	1.09639	1.09587	1.09605	706	0	0
2023.04.21	08:00:00	1.09606	1.09613	1.09556	1.09608	1085	0	0
2023.04.21	09:00:00	1.09605	1.09638	1.09379	1.09419	3407	0	0
2023.04.21	10:00:00	1.09419	1.09578	1.09385	1.09565	4377	0	0
2023.04.21	11:00:00	1.09563	1.09722	1.09525	1.09596	4072	0	0
2023.04.21	12:00:00	1.09596	1.09622	1.09515	1.09548	2607	0	0
2023.04.21	13:00:00	1.09548	1.09714	1.09490	1.09652	2235	0	0
2023.04.21	14:00:00	1.09652	1.09857	1.09629	1.09815	3128	0	0
2023.04.21	15:00:00	1.09816	1.09902	1.09735	1.09882	3263	0	0
2023.04.21	16:00:00	1.09881	1.09938	1.09534	1.09558	6580	0	0
2023.04.21	17:00:00	1.09558	1.09794	1.09426	1.09721	6369	0	0
2023.04.21	18:00:00	1.09724	1.09798	1.09702	1.09721	3794	0	0
2023.04.21	19:00:00	1.09722	1.09799	1.09693	1.09792	2680	0	0
2023.04.21	20:00:00	1.09792	1.09811	1.09722	1.09807	1860	0	0
2023.04.21	21:00:00	1.09807	1.09879	1.09750	1.09767	1455	0	0
2023.04.21	22:00:00	1.09767	1.09903	1.09748	1.09903	1804	0	0
2023.04.21	23:00:00	1.09902	1.09928	1.09850	1.09894	976	0	0
2023.04.24	00:00:00	1.09885	1.09904	1.09866	1.09868	364	0	10
2023.04.24	01:00:00	1.09868	1.09933	1.09864	1.09926	541	0	1
2023.04.24	02:00:00	1.09926	1.09961	1.09913	1.09918	552	0	0
2023.04.24	03:00:00	1.09918	1.09949	1.09842	1.09948	1394	0	0
2023.04.24	04:00:00	1.09949	1.09949	1.09869	1.09874	1671	0	0
2023.04.24	05:00:00	1.09873	1.09908	1.09803	1.09811	1653	0	0
2023.04.24	06:00:00	1.09809	1.09848	1.09798	1.09816	1086	0	0
2023.04.24	07:00:00	1.09813	1.09827	1.09796	1.09805	855	0	0
2023.04.24	08:00:00	1.09805	1.09813	1.09726	1.09783	1381	0	0
2023.04.24	09:00:00	1.09783	1.09866	1.09732	1.09749	2698	0	0
2023.04.24	10:00:00	1.09749	1.09883	1.09659	1.09867	3362	0	0
2023.04.24	11:00:00	1.09867	1.10095	1.09839	1.10086	3627	0	0
2023.04.24	12:00:00	1.10086	1.10205	1.09995	1.10005	3490	0	0
2023.04.24	13:00:00	1.10004	1.10172	1.09991	1.10165	2910	0	0
2023.04.24	14:00:00	1.10165	1.10176	1.09991	1.10024	2509	0	0
2023.04.24	15:00:00	1.10023	1.10251	1.09994	1.10232	3050	0	0
2023.04.24	16:00:00	1.10230	1.10315	1.10130	1.10240	4434	0	0
2023.04.24	17:00:00	1.10237	1.10370	1.10207	1.10294	4538	0	0
2023.04.24	18:00:00	1.10294	1.10323	1.10206	1.10260	3226	0	0
2023.04.24	19:00:00	1.10260	1.10342	1.10249	1.10340	1878	0	0
2023.04.24	20:00:00	1.10341	1.10484	1.10336	1.10441	1730	0	0
2023.04.24	21:00:00	1.10441	1.10501	1.10420	1.10466	1430	0	0
